Player,#,Team Name,Nation,Pos,season,Min,Gls,Ast,PK,PKatt,Sh,SoT,CrdY,CrdR,Touches,Tkl,Int,Blocks,xG,npxG,xAG,SCA,GCA,Cmp_x,Att_x,Cmp%_x,PrgP,Carries,PrgC,Succ,SoTA,GA,Saves,Save%,PSxG,Cmp_y,Att_y,Cmp%_y,Att (GK),Thr,Launch%,AvgLen,Stp,Stp%,#OPA,AvgDist,total_games
Aaron Ramsdale,1.0,Arsenal,eng ENG,GK,2023-2024,90.0,0.0,0.0,0.0,0.0,0.0,0.0,0.0,0.0,32.833333333333336,0.0,0.0,0.0,0.0,0.0,0.0,0.0,0.0,21.833333333333332,31.333333333333332,70.64999999999999,0.3333333333333333,22.833333333333332,0.0,0.0,2.3333333333333335,0.8333333333333334,1.5,68.05,0.6,3.1666666666666665,11.5,33.56666666666667,28.166666666666668,5.0,33.35,32.6,8.0,16.633333333333333,9.0,14.84,6
Aarón Escandell,1.0,Las Palmas,es ESP,GK,2023-2024,76.5,0.0,0.0,0.0,0.0,0.0,0.0,0.0,0.0,44.0,0.0,0.0,0.0,0.0,0.0,0.0,0.0,0.0,32.0,43.0,70.7,0.0,21.0,0.0,0.0,2.0,1.5,0.5,16.65,1.2,4.5,13.0,34.15,36.5,5.0,33.3,32.5,1.0,5.55,4.0,18.8,2
Aitor Fernández,13.0,Osasuna,es ESP,GK,2023-2024,78.71428571428571,0.0,0.0,0.0,0.0,0.0,0.0,1.0,0.0,30.857142857142858,0.0,0.0,0.0,0.0,0.0,0.0,0.14285714285714285,0.0,18.142857142857142,28.285714285714285,64.58571428571429,0.14285714285714285,16.0,0.0,0.0,2.857142857142857,1.2857142857142858,1.5714285714285714,54.166666666666664,0.8857142857142858,6.714285714285714,16.142857142857142,43.528571428571425,24.857142857142858,2.7142857142857144,57.34285714285714,42.84285714285714,1.0,1.4285714285714286,15.0,23.87142857142857,7
Alaa Bellaarouch,36.0,Strasbourg,ma MAR,GK,2023-2024,90.0,0.0,0.0,0.0,0.0,0.0,0.0,1.0,0.0,36.13333333333333,0.0,0.06666666666666667,0.0,0.0,0.0,0.0,0.06666666666666667,0.0,23.466666666666665,33.6,70.64,0.0,27.666666666666668,0.0,0.0,4.2,1.7333333333333334,2.466666666666667,62.021428571428565,1.3199999999999998,3.7333333333333334,12.2,32.053333333333335,29.333333333333332,3.8,36.74,34.70666666666667,19.0,9.993333333333334,21.0,12.733333333333333,15
Alban Lafont,1.0,Nantes,fr FRA,GK,2023-2024,89.14285714285714,0.0,0.0,0.0,0.0,0.0,0.0,2.0,0.0,38.607142857142854,0.0,0.0,0.0,0.0,0.0,0.0,0.21428571428571427,0.0,25.714285714285715,35.92857142857143,71.78928571428571,0.10714285714285714,27.428571428571427,0.0,0.0,4.214285714285714,1.5357142857142858,2.6785714285714284,70.56666666666666,1.5071428571428573,4.392857142857143,13.857142857142858,33.635714285714286,29.964285714285715,5.178571428571429,34.16428571428572,33.96785714285714,33.0,8.878571428571428,33.0,12.353846153846153,28
Alessandro Sorrentino,23.0,Monza,it ITA,GK,2023-2024,78.28571428571429,0.0,0.0,0.0,0.0,0.0,0.0,0.0,0.0,29.285714285714285,0.0,0.0,0.0,0.0,0.0,0.0,0.14285714285714285,0.0,21.142857142857142,27.571428571428573,75.28571428571429,0.0,14.142857142857142,0.0,0.14285714285714285,4.571428571428571,2.2857142857142856,2.2857142857142856,64.58571428571429,2.042857142857143,2.5714285714285716,8.0,35.92857142857143,21.571428571428573,4.142857142857143,27.642857142857142,31.057142857142857,3.0,5.014285714285714,3.0,15.375,7
Alessio Cragno,28.0,Sassuolo,it ITA,GK,2023-2024,90.0,0.0,0.0,0.0,0.0,0.0,0.0,0.0,0.0,36.666666666666664,0.0,0.0,0.0,0.0,0.0,0.0,0.0,0.0,23.0,33.333333333333336,68.86666666666667,0.0,18.0,0.0,0.0,4.666666666666667,2.3333333333333335,2.6666666666666665,44.43333333333334,1.7333333333333332,5.666666666666667,15.0,38.833333333333336,26.0,3.6666666666666665,51.300000000000004,38.46666666666667,3.0,9.1,8.0,18.65,3
Alex Meret,1.0,Napoli,it ITA,GK,2023-2024,89.45161290322581,0.0,0.0,0.0,0.0,0.0,0.0,0.0,0.0,30.93548387096774,0.03225806451612903,0.0,0.0,0.0,0.0,0.0032258064516129032,0.16129032258064516,0.0,24.806451612903224,29.483870967741936,84.52903225806452,0.0,18.193548387096776,0.0,0.03225806451612903,3.3548387096774195,1.3333333333333333,2.0,58.58620689655172,1.2193548387096773,1.8064516129032258,5.612903225806452,30.851612903225806,24.967741935483872,3.870967741935484,18.683333333333334,27.796774193548387,9.0,3.57,29.0,15.5,31
Alexander Brunst,30.0,Darmstadt 98,de GER,GK,2023-2024,90.0,0.0,0.0,0.0,0.0,0.0,0.0,0.0,0.0,51.666666666666664,0.0,0.0,0.0,0.0,0.0,0.0,0.6666666666666666,0.0,34.333333333333336,50.0,67.96666666666665,0.0,29.666666666666668,0.0,0.0,5.666666666666667,3.3333333333333335,2.3333333333333335,46.03333333333333,2.0666666666666664,11.0,24.0,48.96666666666667,43.0,4.333333333333333,42.46666666666666,36.63333333333333,3.0,5.333333333333333,9.0,17.733333333333334,3
Alexander Meyer,33.0,Dortmund,de GER,GK,2023-2024,86.875,0.0,0.0,0.0,0.0,0.0,0.0,0.0,0.0,47.75,0.125,0.0,0.0,0.0,0.0,0.0,0.125,0.0,37.75,45.75,83.45,0.125,33.75,0.0,0.125,3.375,1.125,2.375,71.18571428571428,0.9625,3.375,10.125,31.225,41.75,3.625,20.225,28.0375,8.0,9.3375,7.0,13.075,8
Alexander Nübel,33.0,Stuttgart,de GER,GK,2023-2024,90.0,0.0,0.0,0.0,0.0,0.0,0.0,1.0,0.0,42.6,0.06666666666666667,0.0,0.0,0.0,0.0,0.0,0.1,0.03333333333333333,33.266666666666666,40.6,82.28,0.03333333333333333,25.4,0.0,0.0,3.566666666666667,1.2,2.466666666666667,63.63448275862069,1.0166666666666666,4.2,9.7,44.56333333333334,36.766666666666666,4.4,23.026666666666664,28.546666666666667,30.0,9.026666666666667,57.0,17.959999999999997,30
Alexander Schwolow,37.0,Union Berlin,de GER,GK,2023-2024,90.0,0.0,0.0,0.0,0.0,0.0,0.0,0.0,0.0,41.0,0.0,0.0,0.0,0.0,0.0,0.0,0.0,0.0,29.0,36.0,80.6,0.0,10.0,0.0,0.0,6.0,2.0,4.0,66.7,1.2,4.0,10.0,40.0,28.0,4.0,32.1,34.1,0.0,0.0,0.0,5.0,1
Alexandre Oukidja,16.0,Metz,dz ALG,GK,2023-2024,87.8529411764706,0.0,0.0,0.0,0.0,0.0,0.0,3.0,0.0,32.705882352941174,0.058823529411764705,0.08823529411764706,0.029411764705882353,0.0,0.0,0.0,0.11764705882352941,0.0,15.088235294117647,29.470588235294116,52.40882352941177,0.08823529411764706,18.029411764705884,0.029411764705882353,0.08823529411764706,5.4411764705882355,1.7272727272727273,3.764705882352941,68.63030303030304,1.535294117647059,6.147058823529412,19.58823529411765,32.991176470588236,21.272727272727273,3.676470588235294,57.551515151515154,42.53939393939394,46.0,8.760606060606062,22.0,10.027272727272727,34
Alisson,1.0,Liverpool,br BRA,GK,2023-2024,90.0,0.0,0.0,0.0,0.0,0.0,0.0,1.0,0.0,42.714285714285715,0.0,0.0,0.0,0.0,0.0,0.0,0.39285714285714285,0.0,35.17857142857143,40.785714285714285,86.55714285714285,0.17857142857142858,30.357142857142858,0.0,0.0,3.892857142857143,1.0714285714285714,2.857142857142857,75.78888888888889,1.0214285714285716,2.142857142857143,6.535714285714286,35.19285714285714,36.464285714285715,5.0,14.260714285714286,24.689285714285713,13.0,4.932142857142857,33.0,17.12142857142857,28
Alphonse Areola,23.0,West Ham,fr FRA,GK,2023-2024,87.06451612903226,0.0,0.0,0.0,0.0,0.0,0.0,1.0,0.0,31.483870967741936,0.03225806451612903,0.03225806451612903,0.0,0.0,0.0,0.0,0.06451612903225806,0.0,18.129032258064516,27.967741935483872,65.79032258064517,0.03225806451612903,16.06451612903226,0.0,0.03225806451612903,6.064516129032258,1.7096774193548387,4.387096774193548,69.49677419354839,1.6903225806451612,5.161290322580645,13.870967741935484,40.71612903225807,20.741935483870968,4.645161290322581,43.26774193548387,36.690322580645166,27.0,5.872413793103449,7.0,8.993103448275862,31
Andrea Consigli,47.0,Sassuolo,it ITA,GK,2023-2024,90.0,0.0,0.0,0.0,0.0,0.0,0.0,1.0,0.0,37.91428571428571,0.0,0.02857142857142857,0.02857142857142857,0.0,0.0,0.0,0.11428571428571428,0.0,23.942857142857143,35.285714285714285,67.58285714285715,0.02857142857142857,20.485714285714284,0.0,0.0,4.542857142857143,1.9428571428571428,2.657142857142857,56.191428571428574,1.4800000000000002,4.914285714285715,15.428571428571429,31.70285714285714,28.057142857142857,4.085714285714285,43.36,37.04857142857143,23.0,3.782857142857143,22.0,12.093939393939394,35
Andreas Luthe,16.0,Bochum,de GER,GK,2023-2024,90.0,0.0,0.0,0.0,0.0,0.0,0.0,0.0,0.0,50.0,0.0,0.0,0.0,0.0,0.0,0.0,1.0,0.0,25.0,49.0,51.0,0.0,31.0,0.0,0.0,4.0,4.0,1.0,0.0,2.7,20.0,43.0,46.5,42.0,2.0,85.7,51.3,0.0,0.0,0.0,7.7,1
Andriy Lunin,13.0,Real Madrid,ua UKR,GK,2023-2024,90.0,0.0,0.0,0.0,0.0,0.0,0.0,2.0,0.0,33.95238095238095,0.0,0.0,0.0,0.0,0.0,0.014285714285714285,0.09523809523809523,0.047619047619047616,27.61904761904762,31.714285714285715,87.38571428571429,0.0,19.0,0.0,0.0,3.0952380952380953,0.8095238095238095,2.2857142857142856,77.52222222222223,1.0095238095238095,1.6666666666666667,4.714285714285714,32.96190476190476,26.095238095238095,4.523809523809524,14.142857142857142,25.195238095238096,27.0,8.995238095238095,23.0,12.345,21
André Ferreira,13.0,Granada,pt POR,GK,2023-2024,89.33333333333333,0.0,0.0,0.0,0.0,0.0,0.0,1.0,0.0,36.13333333333333,0.0,0.0,0.0,0.0,0.0,0.0,0.13333333333333333,0.0,23.933333333333334,33.2,72.29333333333334,0.0,18.066666666666666,0.0,0.0,5.133333333333334,1.9333333333333333,3.2666666666666666,65.85333333333332,1.8533333333333333,4.866666666666666,12.4,40.333333333333336,25.866666666666667,5.866666666666666,32.56,32.846666666666664,6.0,2.5266666666666664,13.0,12.557142857142859,15
André Onana,24.0,Manchester Utd,cm CMR,GK,2023-2024,90.0,0.0,0.0,0.0,0.0,0.0,0.0,5.0,0.0,42.86842105263158,0.05263157894736842,0.0,0.0,0.0,0.0,0.002631578947368421,0.15789473684210525,0.02631578947368421,29.07894736842105,40.026315789473685,73.02631578947368,0.13157894736842105,29.657894736842106,0.02631578947368421,0.02631578947368421,5.342105263157895,1.5263157894736843,3.8421052631578947,72.52894736842104,1.5578947368421054,3.9210526315789473,13.5,29.207894736842107,35.55263157894737,3.6842105263157894,30.792105263157893,31.068421052631578,42.0,5.992105263157894,37.0,13.230555555555556,38
Anthony Lopes,1.0,Lyon,pt POR,GK,2023-2024,90.0,0.0,0.0,0.0,0.0,0.0,0.0,0.0,0.0,35.806451612903224,0.0,0.0,0.0,0.0,0.0,0.00967741935483871,0.0967741935483871,0.03225806451612903,24.93548387096774,33.38709677419355,76.06774193548387,0.03225806451612903,25.29032258064516,0.03225806451612903,0.0,5.0,1.5806451612903225,3.4193548387096775,70.23703703703704,1.4,4.258064516129032,11.67741935483871,41.06333333333334,27.06451612903226,5.032258064516129,32.34838709677419,31.667741935483868,36.0,8.135483870967741,28.0,12.096666666666666,31
Antonio Mirante,83.0,Milan,it ITA,GK,2023-2024,88.5,0.0,0.0,0.0,0.0,0.0,0.0,0.0,0.0,29.5,0.0,0.0,0.0,0.0,0.0,0.0,0.0,0.0,20.5,27.0,77.3,0.0,16.5,0.0,0.0,4.0,1.5,2.5,62.5,1.55,2.5,7.0,41.65,23.0,2.5,40.0,28.75,1.0,10.0,1.0,9.95,2
Antonio Sivera,1.0,Alavés,es ESP,GK,2023-2024,90.0,0.0,0.0,0.0,0.0,0.0,0.0,3.0,0.0,34.85294117647059,0.0,0.0,0.0,0.0,0.0,0.0,0.4411764705882353,0.029411764705882353,19.147058823529413,32.5,59.3235294117647,0.0,15.294117647058824,0.0,0.0,3.6176470588235294,1.1176470588235294,2.5588235294117645,73.740625,1.1382352941176472,8.205882352941176,20.61764705882353,39.71176470588235,23.735294117647058,3.411764705882353,62.670588235294126,44.699999999999996,25.0,5.18235294117647,29.0,12.754838709677419,34
Arijanet Muric,49.0,Burnley,xk KVX,GK,2023-2024,90.0,0.0,0.0,0.0,0.0,0.0,0.0,0.0,0.0,63.5,0.1,0.0,0.0,0.0,0.0,0.01,0.6,0.1,40.4,58.5,69.89,0.1,41.8,0.0,0.0,7.8,1.6,6.2,76.55,2.17,7.7,21.9,36.53,54.7,5.4,36.4,34.339999999999996,20.0,13.819999999999999,31.0,16.8,10
Arnau Tenas,80.0,Paris S-G,es ESP,GK,2023-2024,88.16666666666667,0.0,0.16666666666666666,0.0,0.0,0.0,0.0,0.0,0.0,36.666666666666664,0.0,0.0,0.0,0.0,0.0,0.13333333333333333,0.16666666666666666,0.16666666666666666,28.833333333333332,35.166666666666664,84.0,0.0,28.0,0.0,0.0,4.166666666666667,1.1666666666666667,3.0,70.56666666666666,0.9833333333333334,2.3333333333333335,7.666666666666667,18.983333333333334,29.0,3.1666666666666665,19.583333333333332,28.266666666666666,2.0,1.8333333333333333,5.0,16.5,6
Arthur Desmas,30.0,Le Havre,fr FRA,GK,2023-2024,90.0,0.0,0.0,0.0,0.0,0.0,0.0,2.0,0.0,30.90909090909091,0.0,0.0,0.0,0.0,0.0,0.012121212121212121,0.12121212121212122,0.0,18.515151515151516,28.636363636363637,65.17878787878789,0.0,19.515151515151516,0.0,0.0,4.636363636363637,1.303030303030303,3.3636363636363638,70.8375,1.4212121212121211,4.696969696969697,13.757575757575758,34.53636363636364,21.78787878787879,4.090909090909091,46.07575757575758,36.86060606060607,32.0,6.815151515151515,24.0,12.26,33
Augusto Batalla,25.0,Granada,ar ARG,GK,2023-2024,90.0,0.0,0.0,0.0,0.0,0.058823529411764705,0.0,3.0,0.0,43.1764705882353,0.0,0.0,0.0,0.0,0.0,0.0,0.35294117647058826,0.0,26.176470588235293,40.529411764705884,64.2235294117647,0.058823529411764705,24.0,0.0,0.17647058823529413,5.0588235294117645,1.6470588235294117,3.411764705882353,70.36470588235295,1.3352941176470587,7.470588235294118,20.823529411764707,34.98235294117647,33.294117647058826,4.588235294117647,46.88823529411765,39.9,23.0,8.9,18.0,13.123529411764705,17
Bart Verbruggen,1.0,Brighton,nl NED,GK,2023-2024,90.0,0.0,0.0,0.0,0.0,0.0,0.0,3.0,0.0,43.142857142857146,0.047619047619047616,0.0,0.0,0.0,0.0,0.0,0.14285714285714285,0.0,35.857142857142854,41.04761904761905,88.27619047619048,0.14285714285714285,32.0,0.0,0.047619047619047616,4.333333333333333,1.3333333333333333,3.0,74.17619047619048,1.2095238095238094,2.619047619047619,6.761904761904762,52.78947368421053,37.57142857142857,5.571428571428571,15.428571428571429,23.61904761904762,17.0,9.142857142857142,31.0,14.41,21
Benjamin Lecomte,40.0,Montpellier,fr FRA,GK,2023-2024,90.0,0.0,0.03333333333333333,0.0,0.0,0.0,0.0,1.0,0.0,36.06666666666667,0.0,0.0,0.0,0.0,0.0,0.016666666666666666,0.26666666666666666,0.03333333333333333,22.333333333333332,33.53333333333333,67.17333333333333,0.0,23.3,0.0,0.0,4.566666666666666,1.2333333333333334,3.4,76.04827586206896,1.22,5.0,14.533333333333333,37.836666666666666,26.033333333333335,4.566666666666666,43.16,36.38666666666666,29.0,6.47,13.0,8.707407407407407,30
Benoît Costil,56.0,Salernitana,fr FRA,GK,2023-2024,90.0,0.0,0.0,0.0,0.0,0.0,0.0,0.0,0.0,35.61538461538461,0.15384615384615385,0.0,0.0,0.0,0.0,0.0,0.3076923076923077,0.0,19.846153846153847,32.92307692307692,59.607692307692304,0.0,17.153846153846153,0.0,0.0,5.076923076923077,2.230769230769231,2.923076923076923,57.89166666666667,1.823076923076923,5.461538461538462,17.53846153846154,32.86923076923077,24.846153846153847,3.4615384615384617,50.33846153846154,38.00769230769231,2.0,0.8307692307692308,19.0,14.208333333333334,13
Bernd Leno,17.0,Fulham,de GER,GK,2023-2024,90.0,0.0,0.0,0.0,0.0,0.0,0.0,3.0,0.0,43.60526315789474,0.0,0.0,0.0,0.0,0.0,0.0,0.02631578947368421,0.0,32.89473684210526,41.5,79.4342105263158,0.0,27.13157894736842,0.0,0.0,5.0,1.605263157894737,3.5,70.68947368421053,1.4710526315789474,3.789473684210526,11.552631578947368,32.72894736842105,36.10526315789474,4.394736842105263,23.810526315789474,28.563157894736843,19.0,4.057894736842105,40.0,13.162857142857142,38
Boris Radunović,1.0,Cagliari,rs SRB,GK,2023-2024,90.0,0.0,0.0,0.0,0.0,0.0,0.0,0.0,0.0,34.0,0.0,0.14285714285714285,0.0,0.0,0.0,0.0,0.14285714285714285,0.0,24.142857142857142,31.714285714285715,75.32857142857142,0.0,16.142857142857142,0.0,0.0,3.857142857142857,1.7142857142857142,2.2857142857142856,53.05714285714286,1.457142857142857,5.857142857142857,13.0,45.285714285714285,22.285714285714285,4.428571428571429,34.25714285714286,36.42857142857143,6.0,6.8,4.0,11.271428571428572,7
Brice Samba,30.0,Lens,fr FRA,GK,2023-2024,90.0,0.0,0.0,0.0,0.0,0.0,0.0,3.0,0.0,36.18181818181818,0.030303030303030304,0.0,0.0,0.0,0.0,0.006060606060606061,0.24242424242424243,0.030303030303030304,26.666666666666668,34.0,78.67575757575759,0.12121212121212122,26.09090909090909,0.0,0.0,4.121212121212121,1.0606060606060606,3.0606060606060606,81.1969696969697,1.2878787878787878,4.9393939393939394,11.181818181818182,44.5030303030303,28.727272727272727,4.333333333333333,32.24242424242424,31.563636363636363,32.0,9.228125,39.0,14.484375,33
Caoimhín Kelleher,62.0,Liverpool,ie IRL,GK,2023-2024,90.0,0.0,0.0,0.0,0.0,0.0,0.0,0.0,0.0,45.7,0.0,0.0,0.0,0.0,0.0,0.0,0.2,0.0,35.9,44.2,82.25,0.1,36.7,0.0,0.0,3.8,1.1,2.8,74.17,1.1400000000000001,3.2,10.2,31.589999999999996,41.1,5.2,21.31,26.910000000000004,5.0,9.68,13.0,17.54,10
Carlo Pinsoglio,23.0,Juventus,it ITA,GK,2023-2024,45.0,0.0,0.0,0.0,0.0,0.0,0.0,0.0,0.0,23.0,0.0,0.0,0.0,0.0,0.0,0.0,0.0,0.0,14.0,21.0,66.7,0.0,17.0,0.0,0.0,3.0,0.0,3.0,100.0,0.5,2.0,5.0,40.0,21.0,1.0,23.8,31.4,0.0,0.0,0.0,5.0,1
Christos Mandas,35.0,Lazio,gr GRE,GK,2023-2024,80.11111111111111,0.0,0.0,0.0,0.0,0.0,0.0,0.0,0.0,31.77777777777778,0.0,0.1111111111111111,0.0,0.0,0.0,0.0,0.1111111111111111,0.0,20.11111111111111,29.88888888888889,67.0125,0.0,19.333333333333332,0.0,0.2222222222222222,3.2222222222222223,0.6666666666666666,2.5555555555555554,84.7625,0.7777777777777778,4.222222222222222,12.666666666666666,33.55,26.666666666666668,3.2222222222222223,42.775,37.6625,6.0,7.075,5.0,15.685714285714285,9
Claudio Bravo,1.0,Betis,cl CHI,GK,2023-2024,90.0,0.0,0.0,0.0,0.0,0.0,0.0,0.0,0.0,34.42857142857143,0.0,0.0,0.0,0.0,0.0,0.0,0.2857142857142857,0.0,26.571428571428573,32.857142857142854,80.10000000000001,0.14285714285714285,18.857142857142858,0.0,0.0,2.857142857142857,0.7142857142857143,2.2857142857142856,61.771428571428565,0.7714285714285714,5.428571428571429,11.428571428571429,46.42857142857143,24.142857142857142,4.285714285714286,31.314285714285713,31.699999999999996,4.0,3.6571428571428575,6.0,12.585714285714285,7
Cristian,13.0,Valencia,es ESP,GK,2023-2024,57.0,0.0,0.0,0.0,0.0,0.0,0.0,0.0,0.0,20.0,0.0,0.0,0.0,0.0,0.0,0.0,0.0,0.0,13.0,18.0,72.2,0.0,8.0,0.0,0.0,3.0,1.0,2.0,66.7,0.5,2.0,5.0,40.0,15.0,4.0,26.7,29.1,0.0,0.0,0.0,8.3,1
Cárdenas,13.0,Rayo Vallecano,es ESP,GK,2023-2024,90.0,0.0,0.0,0.0,0.0,0.0,0.0,0.0,0.0,41.0,0.0,0.0,0.0,0.0,0.0,0.0,0.0,0.0,26.0,40.0,65.0,0.0,24.0,0.0,0.0,1.0,1.0,0.0,0.0,0.9,2.0,15.0,13.3,36.0,5.0,36.1,36.3,0.0,0.0,2.0,17.0,1
Daniel Batz,33.0,Mainz 05,de GER,GK,2023-2024,90.0,0.0,0.0,0.0,0.0,0.0,0.0,0.0,0.0,41.5,0.0,0.0,0.0,0.0,0.0,0.0,0.0,0.0,26.0,38.25,67.72500000000001,0.0,21.0,0.0,0.0,4.25,0.75,3.5,78.925,0.6000000000000001,4.5,14.5,25.35,33.0,3.5,38.025000000000006,34.6,4.0,18.05,2.0,16.2,4
Daniel Bentley,25.0,Wolves,eng ENG,GK,2023-2024,76.6,0.0,0.0,0.0,0.0,0.0,0.0,0.0,0.0,30.2,0.0,0.0,0.0,0.0,0.0,0.0,0.2,0.0,19.2,28.8,67.62,0.0,13.2,0.0,0.0,3.0,1.4,1.6,55.0,1.1400000000000001,2.6,11.2,19.1,22.2,1.8,35.46,33.06,0.0,0.0,3.0,12.9,5
Daniel Fuzato,1.0,Getafe,br BRA,GK,2023-2024,7.0,0.0,0.0,0.0,0.0,0.0,0.0,0.0,0.0,11.0,0.0,0.0,0.0,0.0,0.0,0.0,0.0,0.0,5.0,10.0,50.0,0.0,4.0,0.0,0.0,2.0,2.0,0.0,0.0,1.3,2.0,7.0,28.6,6.0,1.0,50.0,39.2,1.0,20.0,0.0,10.7,1
Daniel Peretz,18.0,Bayern Munich,il ISR,GK,2023-2024,17.0,0.0,0.0,0.0,0.0,0.0,0.0,0.0,0.0,17.0,0.0,0.0,0.0,0.0,0.0,0.0,0.0,0.0,12.0,17.0,70.6,0.0,11.0,0.0,0.0,0.0,0.0,0.0,,0.0,0.0,4.0,0.0,15.0,3.0,26.7,33.1,0.0,0.0,0.0,,1
Daniele Sommariva,39.0,Genoa,it ITA,GK,2023-2024,5.0,0.0,0.0,0.0,0.0,0.0,0.0,0.0,0.0,4.0,0.0,0.0,0.0,0.0,0.0,0.0,0.0,0.0,0.0,3.0,0.0,0.0,2.0,0.0,0.0,0.0,0.0,0.0,,0.0,0.0,3.0,0.0,2.0,0.0,100.0,54.5,1.0,50.0,0.0,15.0,1
David Gil,13.0,Cádiz,es ESP,GK,2023-2024,74.4,0.0,0.0,0.0,0.0,0.0,0.0,1.0,0.0,33.2,0.0,0.0,0.0,0.0,0.0,0.0,0.0,0.0,15.6,30.4,56.82000000000001,0.0,14.2,0.0,0.0,4.8,1.6,3.4,80.47999999999999,1.06,10.2,25.0,42.3,20.8,1.6,72.14,47.86,7.0,7.92,0.0,6.95,5
David Raya,22.0,Arsenal,es ESP,GK,2023-2024,90.0,0.0,0.0,0.0,0.0,0.0,0.0,2.0,0.0,33.193548387096776,0.03225806451612903,0.0,0.0,0.0,0.0,0.0,0.12903225806451613,0.0,24.096774193548388,32.225806451612904,75.24193548387096,0.06451612903225806,21.677419354838708,0.0,0.0,2.193548387096774,0.7741935483870968,1.4193548387096775,68.33703703703704,0.6516129032258065,4.258064516129032,11.387096774193548,35.62068965517241,29.193548387096776,4.870967741935484,32.825806451612905,30.9,39.0,14.138709677419355,50.0,17.7,31
David Soria,13.0,Getafe,es ESP,GK,2023-2024,89.8157894736842,0.0,0.0,0.0,0.0,0.0,0.0,3.0,0.0,36.6578947368421,0.0,0.0,0.0,0.0,0.0,0.0,0.2631578947368421,0.0,18.07894736842105,34.078947368421055,53.421052631578945,0.0,16.736842105263158,0.0,0.0,4.5,1.4054054054054055,3.1052631578947367,71.46285714285713,1.4210526315789473,8.921052631578947,23.894736842105264,38.23421052631579,25.763157894736842,3.236842105263158,66.03947368421052,45.70263157894737,17.0,3.676315789473684,62.0,16.616216216216216,38
Dean Henderson,30.0,Crystal Palace,eng ENG,GK,2023-2024,90.0,0.0,0.0,0.0,0.0,0.0,0.0,2.0,0.0,29.77777777777778,0.05555555555555555,0.0,0.0,0.0,0.0,0.0,0.05555555555555555,0.05555555555555555,15.555555555555555,26.944444444444443,58.6888888888889,0.0,15.777777777777779,0.0,0.0,4.777777777777778,1.6666666666666667,3.1666666666666665,61.97222222222222,1.5222222222222221,3.2777777777777777,13.61111111111111,26.522222222222222,20.944444444444443,2.888888888888889,47.82222222222222,38.81111111111111,5.0,3.272222222222222,17.0,13.350000000000001,18
Denis Petrić,30.0,Nantes,rs SRB,GK,2023-2024,24.0,0.0,0.0,0.0,0.0,0.0,0.0,0.0,0.0,8.0,0.0,0.0,0.0,0.0,0.0,0.0,0.0,0.0,6.0,8.0,75.0,0.0,6.0,0.0,0.0,1.0,1.0,0.0,0.0,0.3,1.0,2.0,50.0,7.0,2.0,28.6,30.7,0.0,0.0,0.0,,1
Diego Mariño,1.0,Almería,es ESP,GK,2023-2024,90.0,0.0,0.0,0.0,0.0,0.0,0.0,0.0,0.0,32.0,0.0,0.0,0.0,0.0,0.0,0.0,0.0,0.0,23.0,27.0,85.2,0.0,22.0,0.0,0.0,4.0,2.0,2.0,100.0,2.1,1.0,5.0,20.0,25.0,6.0,20.0,24.1,0.0,0.0,2.0,22.7,1
Dimitry Bertaud,16.0,Montpellier,cd COD,GK,2023-2024,90.0,0.0,0.0,0.0,0.0,0.0,0.0,0.0,0.0,38.0,0.0,0.0,0.0,0.0,0.0,0.0,0.0,0.0,22.75,35.5,64.6,0.0,27.75,0.0,0.0,8.5,2.75,5.75,67.9,2.75,4.5,15.25,30.025,29.5,6.5,41.8,37.75,3.0,3.9250000000000003,0.0,9.925,4
Dominik Greif,13.0,Mallorca,sk SVK,GK,2023-2024,90.0,0.0,0.0,0.0,0.0,0.0,0.0,0.0,0.0,34.0,0.0,0.0,0.0,0.0,0.0,0.0,0.0,0.0,24.0,32.0,75.0,0.0,17.0,0.0,0.0,4.0,0.0,4.0,100.0,0.7,10.0,18.0,55.6,23.0,3.0,52.2,42.0,0.0,0.0,1.0,23.0,1
Ederson,31.0,Manchester City,br BRA,GK,2023-2024,84.39393939393939,0.0,0.0,0.0,0.0,0.0,0.0,5.0,0.0,38.878787878787875,0.0,0.0,0.0,0.0,0.0,0.0030303030303030303,0.21212121212121213,0.06060606060606061,32.63636363636363,37.39393939393939,87.06363636363636,0.12121212121212122,25.666666666666668,0.0,0.030303030303030304,2.5625,0.9,1.75,61.193333333333335,0.8242424242424242,3.5625,7.454545454545454,47.203125,35.32258064516129,4.28125,18.259999999999998,26.848387096774193,25.0,14.306666666666667,50.0,16.516129032258064,33
Elia Caprile,25.0,Empoli,it ITA,GK,2023-2024,90.0,0.0,0.0,0.0,0.0,0.0,0.0,0.0,0.0,38.91304347826087,0.043478260869565216,0.0,0.0,0.0,0.0,0.008695652173913044,0.34782608695652173,0.0,24.130434782608695,35.65217391304348,67.98260869565217,0.0,20.391304347826086,0.0,0.0,4.608695652173913,1.173913043478261,3.391304347826087,80.02608695652175,1.1869565217391305,5.086956521739131,15.217391304347826,34.43913043478261,28.565217391304348,5.956521739130435,39.17826086956522,36.417391304347824,31.0,8.921739130434782,20.0,12.882608695652175,23
Emil Audero,77.0,Inter,it ITA,GK,2023-2024,84.25,0.0,0.0,0.0,0.0,0.0,0.0,0.0,0.0,50.0,0.0,0.0,0.0,0.0,0.0,0.0,0.0,0.0,41.5,49.25,86.025,0.0,36.75,0.0,0.0,2.75,0.75,2.0,75.0,0.775,2.0,6.0,32.13333333333333,44.25,7.0,12.266666666666666,24.125,6.0,15.375,2.0,10.95,4
Emiliano Martínez,1.0,Aston Villa,ar ARG,GK,2023-2024,88.67647058823529,0.0,0.0,0.0,0.0,0.0,0.0,4.0,0.0,44.38235294117647,0.0,0.0,0.0,0.0,0.0,0.0,0.08823529411764706,0.029411764705882353,35.0,42.23529411764706,83.51764705882353,0.058823529411764705,27.441176470588236,0.0,0.0,4.088235294117647,1.4545454545454546,2.7941176470588234,65.84848484848484,1.5029411764705882,3.5588235294117645,9.764705882352942,35.2235294117647,37.35294117647059,4.617647058823529,20.491176470588236,27.408823529411762,45.0,11.033333333333333,69.0,17.583870967741937,34
Etrit Berisha,99.0,Empoli,al ALB,GK,2023-2024,90.0,0.0,0.0,0.0,0.0,0.0,0.0,0.0,0.0,38.0,0.0,0.0,0.0,0.0,0.0,0.0,0.14285714285714285,0.0,24.214285714285715,35.285714285714285,68.91428571428571,0.0,22.428571428571427,0.0,0.0,5.285714285714286,1.7857142857142858,3.5,68.81428571428572,1.4714285714285715,3.142857142857143,13.142857142857142,25.892857142857142,28.571428571428573,5.357142857142857,34.69285714285714,32.98571428571429,11.0,5.878571428571428,10.0,12.528571428571428,14
Fabian Bredlow,1.0,Stuttgart,de GER,GK,2023-2024,90.0,0.0,0.0,0.0,0.0,0.0,0.0,0.0,0.0,47.5,0.0,0.0,0.0,0.0,0.0,0.0,0.0,0.0,34.0,44.75,77.925,0.0,31.5,0.0,0.0,5.5,0.75,4.75,88.075,1.225,5.5,15.25,51.925,42.0,3.75,28.674999999999997,29.975,1.0,1.675,5.0,17.4,4
Federico Ravaglia,34.0,Bologna,it ITA,GK,2023-2024,89.16666666666667,0.0,0.0,0.0,0.0,0.0,0.0,0.0,0.0,36.333333333333336,0.0,0.0,0.0,0.0,0.0,0.0,0.16666666666666666,0.0,27.666666666666668,34.333333333333336,82.23333333333333,0.0,22.0,0.0,0.16666666666666666,3.0,0.5,2.6,72.21666666666667,0.9333333333333335,2.8,8.166666666666666,28.925,28.666666666666668,4.6,18.166666666666668,25.400000000000002,1.0,1.54,4.0,19.0,6
Fernando,13.0,Almería,es ESP,GK,2023-2024,90.0,0.0,0.0,0.0,0.0,0.0,0.0,0.0,0.0,42.25,0.0,0.0,0.25,0.0,0.0,0.0,0.25,0.25,27.5,40.0,69.825,0.0,23.25,0.0,0.0,5.75,2.5,3.25,55.2,2.125,5.5,16.75,34.4,33.25,7.0,39.275,35.325,4.0,4.125,7.0,14.525,4
Filip Jørgensen,13.0,Villarreal,dk DEN,GK,2023-2024,90.0,0.0,0.0,0.0,0.0,0.0,0.0,4.0,0.0,38.80555555555556,0.08333333333333333,0.05555555555555555,0.0,0.0,0.0,0.0,0.05555555555555555,0.027777777777777776,29.22222222222222,36.19444444444444,81.35555555555555,0.0,22.166666666666668,0.0,0.027777777777777776,5.694444444444445,1.75,3.9722222222222223,69.71111111111111,1.6638888888888888,4.0,10.0,42.54,29.305555555555557,4.944444444444445,24.11111111111111,29.40555555555555,34.0,5.455555555555556,36.0,12.833333333333334,36
Finn Dahmen,1.0,Augsburg,de GER,GK,2023-2024,90.0,0.0,0.0,0.0,0.0,0.0,0.0,4.0,0.0,46.354838709677416,0.03225806451612903,0.0,0.0,0.0,0.0,0.0032258064516129032,0.3225806451612903,0.0,33.064516129032256,43.38709677419355,75.64193548387097,0.0967741935483871,28.677419354838708,0.0,0.0,5.096774193548387,1.6774193548387097,3.4193548387096775,71.53225806451613,1.5838709677419356,5.451612903225806,14.516129032258064,37.880645161290325,37.12903225806452,2.967741935483871,31.95483870967742,32.78064516129032,28.0,6.180645161290323,50.0,14.970967741935485,31
Fran Vieites,30.0,Betis,es ESP,GK,2023-2024,78.75,0.0,0.0,0.0,0.0,0.0,0.0,0.0,0.0,32.5,0.25,0.0,0.0,0.0,0.0,0.0,0.0,0.0,19.0,29.75,67.55,0.0,15.0,0.0,0.0,4.5,1.0,3.5,81.25,1.15,3.25,12.5,26.25,20.5,4.5,35.0,35.175,3.0,4.1,2.0,10.6,4
Francesco Rossi,31.0,Atalanta,it ITA,GK,2023-2024,5.0,0.0,0.0,0.0,0.0,0.0,0.0,0.0,0.0,2.0,0.0,0.0,0.0,0.0,0.0,0.0,0.0,0.0,1.0,2.0,50.0,0.0,1.0,0.0,0.0,1.0,0.0,1.0,100.0,0.8,0.0,1.0,0.0,1.0,1.0,0.0,14.0,0.0,0.0,0.0,,1
Frederik Rønnow,1.0,Union Berlin,dk DEN,GK,2023-2024,90.0,0.0,0.0,0.0,0.0,0.09090909090909091,0.0,2.0,0.0,42.45454545454545,0.030303030303030304,0.030303030303030304,0.0,0.0,0.0,0.0030303030303030303,0.12121212121212122,0.0,28.818181818181817,39.878787878787875,72.04242424242425,0.030303030303030304,24.424242424242426,0.0,0.0,4.909090909090909,1.696969696969697,3.1818181818181817,68.7030303030303,1.5666666666666667,6.0,15.909090909090908,39.21818181818182,33.21212121212121,5.2727272727272725,35.63636363636363,33.64242424242424,54.0,10.487878787878788,37.0,12.848484848484848,33
Gianluigi Donnarumma,99.0,Paris S-G,it ITA,GK,2023-2024,86.76,0.0,0.0,0.0,0.0,0.0,0.0,3.0,1.0,33.68,0.0,0.04,0.0,0.0,0.0,0.0,0.0,0.0,27.44,30.92,90.476,0.0,24.88,0.0,0.04,4.583333333333333,0.8333333333333334,3.7083333333333335,79.30454545454546,1.22,1.5,3.9166666666666665,47.678260869565214,25.64,4.708333333333333,10.887500000000001,23.896,15.0,5.133333333333334,23.0,12.095833333333333,25
Giorgi Mamardashvili,25.0,Valencia,ge GEO,GK,2023-2024,88.75675675675676,0.0,0.0,0.0,0.0,0.0,0.0,3.0,1.0,32.86486486486486,0.10810810810810811,0.05405405405405406,0.02702702702702703,0.0,0.0,0.010810810810810811,0.1891891891891892,0.02702702702702703,15.91891891891892,30.027027027027028,54.19189189189189,0.0,16.56756756756757,0.0,0.0,3.918918918918919,1.1081081081081081,2.7837837837837838,75.0945945945946,1.3324324324324324,5.0,18.135135135135137,27.85,23.35135135135135,3.9444444444444446,56.2945945945946,41.048648648648644,45.0,9.556756756756757,31.0,11.427027027027027,37
Gregor Kobel,1.0,Dortmund,ch SUI,GK,2023-2024,87.5925925925926,0.0,0.0,0.0,0.0,0.0,0.0,1.0,0.0,45.888888888888886,0.0,0.0,0.0,0.0,0.0,0.0,0.14814814814814814,0.0,36.074074074074076,43.51851851851852,83.45185185185184,0.0,27.62962962962963,0.0,0.037037037037037035,4.37037037037037,1.2592592592592593,3.111111111111111,77.0923076923077,1.362962962962963,4.076923076923077,9.925925925925926,44.61600000000001,37.25925925925926,3.925925925925926,19.61111111111111,28.044444444444448,7.0,1.9230769230769231,17.0,12.603846153846153,27
Grégoire Coudert,30.0,Brest,fr FRA,GK,2023-2024,60.333333333333336,0.0,0.0,0.0,0.0,0.0,0.0,0.0,0.0,27.0,0.0,0.0,0.0,0.0,0.0,0.0,0.3333333333333333,0.0,18.333333333333332,26.666666666666668,59.73333333333333,0.0,20.333333333333332,0.0,0.0,1.3333333333333333,0.0,1.3333333333333333,100.0,0.06666666666666667,4.0,12.0,24.5,23.333333333333332,3.3333333333333335,47.833333333333336,37.96666666666667,0.0,0.0,2.0,23.0,3
Guglielmo Vicario,13.0,Tottenham,it ITA,GK,2023-2024,90.0,0.0,0.0,0.0,0.0,0.0,0.0,2.0,0.0,44.21052631578947,0.0,0.02631578947368421,0.0,0.0,0.0,0.0,0.05263157894736842,0.0,35.13157894736842,41.28947368421053,85.52105263157895,0.07894736842105263,27.07894736842105,0.0,0.0,4.394736842105263,1.605263157894737,2.8684210526315788,66.86842105263158,1.5789473684210527,1.394736842105263,5.921052631578948,28.055555555555557,35.86842105263158,5.078947368421052,14.334210526315792,23.973684210526315,33.0,7.689473684210526,81.0,17.139473684210525,38
Guillaume Dietsch,1.0,Metz,fr FRA,GK,2023-2024,73.0,0.0,0.0,0.0,0.0,0.0,0.0,0.0,0.0,28.0,0.0,0.0,0.0,0.0,0.0,0.0,0.0,0.0,15.0,26.0,57.7,0.0,12.0,0.0,0.0,3.0,1.0,2.0,66.7,0.8,6.0,16.0,37.5,19.0,3.0,47.4,36.4,1.0,7.1,0.0,3.0,1
Guillaume Restes,50.0,Toulouse,fr FRA,GK,2023-2024,90.0,0.0,0.0,0.0,0.0,0.0,0.0,3.0,0.0,29.11764705882353,0.0,0.0,0.0,0.0,0.0,0.0,0.058823529411764705,0.0,19.58823529411765,26.38235294117647,74.31176470588235,0.0,17.470588235294116,0.0,0.029411764705882353,4.088235294117647,1.3529411764705883,2.735294117647059,68.27941176470588,1.326470588235294,2.7058823529411766,8.382352941176471,33.50606060606061,20.647058823529413,2.735294117647059,27.523529411764706,29.5,7.0,2.726470588235294,16.0,11.344827586206897,34
Guillermo Ochoa,13.0,Salernitana,mx MEX,GK,2023-2024,90.0,0.0,0.0,0.0,0.0,0.0,0.0,0.0,0.0,34.19047619047619,0.0,0.0,0.0,0.0,0.0,0.0,0.047619047619047616,0.0,18.714285714285715,31.047619047619047,62.3,0.0,14.80952380952381,0.0,0.0,5.476190476190476,2.0952380952380953,3.4285714285714284,65.41904761904762,1.7666666666666668,4.0476190476190474,15.380952380952381,27.51904761904762,22.80952380952381,3.4761904761904763,44.86666666666667,36.72857142857143,9.0,3.6666666666666665,11.0,12.485,21
Ionuț Radu,20.0,Bournemouth,ro ROU,GK,2023-2024,90.0,0.0,0.0,0.0,0.0,0.0,0.0,0.0,0.0,35.0,0.0,0.0,0.0,0.0,0.0,0.0,0.0,0.0,28.0,34.0,80.30000000000001,0.0,25.5,0.0,0.0,5.5,3.5,2.0,45.85,1.45,2.5,7.5,30.549999999999997,28.5,5.0,22.2,28.599999999999998,2.0,11.3,0.0,9.85,2
Ivan Provedel,94.0,Lazio,it ITA,GK,2023-2024,89.96666666666667,0.0,0.0,0.0,0.0,0.0,0.0,0.0,0.0,36.4,0.03333333333333333,0.0,0.0,0.0,0.0,0.0,0.1,0.0,27.833333333333332,34.06666666666667,82.36,0.1,20.466666666666665,0.0,0.03333333333333333,3.966666666666667,1.1,2.8666666666666667,73.06896551724138,1.0433333333333334,3.3666666666666667,8.4,42.334482758620695,28.033333333333335,3.433333333333333,22.655172413793103,30.58,15.0,4.631034482758621,18.0,14.425925925925926,30
Ivo Grbić,13.0,Sheffield Utd,hr CRO,GK,2023-2024,85.66666666666667,0.0,0.0,0.0,0.0,0.0,0.0,1.0,0.0,36.0,0.0,0.0,0.1111111111111111,0.0,0.0,0.0,0.2222222222222222,0.0,16.444444444444443,33.111111111111114,50.27777777777778,0.0,16.88888888888889,0.0,0.0,6.555555555555555,2.7777777777777777,4.5,49.71111111111111,1.6111111111111112,7.222222222222222,22.11111111111111,36.666666666666664,23.0,2.7777777777777777,59.099999999999994,41.96666666666667,11.0,5.766666666666667,14.0,13.533333333333333,9
Iván Cuéllar,25.0,Mallorca,es ESP,GK,2023-2024,90.0,0.0,0.0,0.0,0.0,0.0,0.0,0.0,0.0,36.0,0.0,0.0,0.0,0.0,0.0,0.0,0.0,0.0,24.0,35.0,68.6,0.0,27.0,0.0,0.0,6.0,1.0,5.0,83.3,1.2,1.0,11.0,9.1,32.0,8.0,31.3,33.0,1.0,16.7,0.0,7.0,1
Iván Villar,13.0,Celta Vigo,es ESP,GK,2023-2024,84.5,0.0,0.0,0.0,0.0,0.0,0.0,0.0,1.0,29.0,0.0,0.0,0.0,0.0,0.0,0.008333333333333333,0.16666666666666666,0.0,17.75,27.0,65.69166666666668,0.0,14.416666666666666,0.0,0.0,3.6666666666666665,1.6363636363636365,2.1666666666666665,52.027272727272724,1.3583333333333334,3.25,11.5,35.875,18.583333333333332,4.0,35.625,34.86666666666667,5.0,6.941666666666666,9.0,13.158333333333333,12
Iñaki Peña,13.0,Barcelona,es ESP,GK,2023-2024,90.0,0.0,0.0,0.0,0.0,0.0,0.0,0.0,0.0,31.4,0.0,0.0,0.0,0.0,0.0,0.0,0.0,0.0,25.9,29.7,87.67,0.0,18.7,0.0,0.0,3.9,1.7,2.2,63.629999999999995,1.3900000000000001,2.1,4.9,34.660000000000004,24.9,4.6,12.940000000000001,23.72,2.0,2.1399999999999997,5.0,11.36,10
James Shea,1.0,Luton Town,eng ENG,GK,2023-2024,15.0,0.0,0.0,0.0,0.0,0.0,0.0,0.0,0.0,11.0,0.0,0.0,0.0,0.0,0.0,0.0,0.0,0.0,6.0,9.0,66.7,0.0,3.0,0.0,0.0,2.0,0.0,2.0,100.0,0.1,3.0,6.0,50.0,6.0,1.0,83.3,50.8,0.0,0.0,1.0,19.0,1
James Trafford,1.0,Burnley,eng ENG,GK,2023-2024,90.0,0.0,0.0,0.0,0.0,0.0,0.0,2.0,0.0,58.25,0.07142857142857142,0.03571428571428571,0.0,0.0,0.0,0.0,0.25,0.03571428571428571,36.035714285714285,55.035714285714285,65.31428571428572,0.21428571428571427,36.035714285714285,0.0,0.07142857142857142,5.928571428571429,2.2142857142857144,3.7857142857142856,63.07142857142857,1.9357142857142857,4.928571428571429,21.642857142857142,24.900000000000002,47.57142857142857,5.785714285714286,35.18214285714286,31.939285714285713,30.0,6.8500000000000005,43.0,14.485714285714286,28
Jan Oblak,13.0,Atlético Madrid,si SVN,GK,2023-2024,90.0,0.0,0.0,0.0,0.0,0.0,0.0,1.0,0.0,28.789473684210527,0.0,0.0,0.0,0.0,0.0,0.0,0.07894736842105263,0.0,20.342105263157894,26.973684210526315,76.22631578947369,0.0,14.657894736842104,0.0,0.02631578947368421,3.789473684210526,1.131578947368421,2.6578947368421053,70.57027027027027,1.0447368421052632,3.0,8.842105263157896,32.51111111111111,19.473684210526315,4.7368421052631575,27.210526315789473,31.178947368421053,36.0,6.171052631578948,22.0,11.18888888888889,38
Janis Blaswich,21.0,RB Leipzig,de GER,GK,2023-2024,90.0,0.0,0.0,0.0,0.0,0.0,0.0,0.0,0.0,47.285714285714285,0.047619047619047616,0.0,0.0,0.0,0.0,0.004761904761904762,0.14285714285714285,0.0,39.80952380952381,45.57142857142857,87.14285714285714,0.14285714285714285,31.0,0.0,0.0,3.619047619047619,1.4285714285714286,2.1904761904761907,63.06666666666667,1.2095238095238094,2.7142857142857144,7.380952380952381,39.72380952380953,39.142857142857146,4.238095238095238,15.371428571428572,26.095238095238095,16.0,7.204761904761905,37.0,18.066666666666666,21
Jason Steele,23.0,Brighton,eng ENG,GK,2023-2024,90.0,0.0,0.0,0.0,0.0,0.0,0.0,0.0,0.0,41.8235294117647,0.0,0.0,0.0,0.0,0.0,0.0,0.0,0.0,33.529411764705884,39.588235294117645,85.04705882352941,0.0,28.823529411764707,0.0,0.0,4.352941176470588,2.0,2.4705882352941178,61.85882352941176,1.5176470588235293,2.764705882352941,7.764705882352941,41.85625,36.294117647058826,4.0588235294117645,19.288235294117644,26.488235294117647,7.0,5.247058823529412,41.0,20.235294117647058,17
Jaume Doménech,1.0,Valencia,es ESP,GK,2023-2024,39.5,0.0,0.0,0.0,0.0,0.0,0.0,0.0,0.0,18.5,0.0,0.0,0.0,0.0,0.0,0.0,0.0,0.0,6.5,15.5,43.55,0.0,9.0,0.0,0.0,6.0,3.0,4.5,72.7,0.7999999999999999,2.0,10.0,20.0,12.0,1.0,83.3,40.5,1.0,7.1,1.0,10.35,2
Jean-Louis Leca,16.0,Lens,fr FRA,GK,2023-2024,90.0,0.0,0.0,0.0,0.0,0.0,0.0,0.0,0.0,28.0,0.0,0.0,0.0,0.0,0.0,0.0,0.0,0.0,16.0,26.0,61.5,0.0,20.0,0.0,0.0,2.0,2.0,0.0,0.0,1.0,1.0,10.0,10.0,22.0,5.0,31.8,29.0,0.0,0.0,0.0,9.8,1
Jens Grahl,33.0,Eint Frankfurt,de GER,GK,2023-2024,90.0,0.0,0.5,0.0,0.0,0.0,0.0,0.0,0.0,50.0,0.0,0.0,0.0,0.0,0.0,0.1,0.5,0.5,30.5,46.0,66.15,0.0,29.5,0.0,0.0,4.5,1.0,3.5,77.5,0.7,2.0,14.5,14.649999999999999,38.5,7.5,31.0,34.349999999999994,4.0,13.1,4.0,14.4,2
Jeremías Ledesma,1.0,Cádiz,ar ARG,GK,2023-2024,89.6470588235294,0.0,0.0,0.0,0.0,0.0,0.0,0.0,0.0,37.088235294117645,0.029411764705882353,0.0,0.0,0.0,0.0,0.0029411764705882353,0.20588235294117646,0.058823529411764705,20.264705882352942,34.88235294117647,58.31470588235294,0.0,19.176470588235293,0.0,0.058823529411764705,4.4411764705882355,1.3823529411764706,3.0588235294117645,69.24242424242425,1.3617647058823528,9.205882352941176,23.08823529411765,40.46470588235294,26.38235294117647,3.3823529411764706,60.05882352941177,43.98235294117647,53.0,9.9,45.0,12.544117647058824,34
Jesús Owono,31.0,Alavés,gq EQG,GK,2023-2024,90.0,0.0,0.0,0.0,0.0,0.0,0.0,1.0,0.0,32.5,0.0,0.0,0.0,0.0,0.0,0.0,1.5,0.0,19.25,29.75,63.25,0.0,16.0,0.0,0.0,6.0,2.0,4.0,72.375,1.6,9.0,19.25,46.725,22.0,2.25,54.175000000000004,42.0,4.0,15.475,8.0,15.4,4
Jiří Pavlenka,1.0,Werder Bremen,cz CZE,GK,2023-2024,90.0,0.0,0.0,0.0,0.0,0.0,0.0,0.0,0.0,38.0,0.0,0.0,0.0,0.0,0.0,0.0,0.42857142857142855,0.0,26.714285714285715,35.142857142857146,75.94285714285715,0.0,18.142857142857142,0.0,0.0,5.428571428571429,2.4285714285714284,3.0,60.81428571428571,1.8714285714285714,4.428571428571429,12.142857142857142,34.857142857142854,25.285714285714285,5.285714285714286,37.44285714285714,33.98571428571429,7.0,5.557142857142858,9.0,11.714285714285714,7
Jonas Omlin,1.0,Gladbach,ch SUI,GK,2023-2024,90.0,0.0,0.14285714285714285,0.0,0.0,0.0,0.0,1.0,0.0,42.857142857142854,0.14285714285714285,0.0,0.0,0.0,0.0,0.05714285714285715,0.2857142857142857,0.2857142857142857,29.714285714285715,39.42857142857143,75.89999999999999,0.0,28.0,0.0,0.2857142857142857,6.714285714285714,2.5714285714285716,4.142857142857143,65.12857142857142,1.9000000000000001,4.571428571428571,12.857142857142858,35.114285714285714,34.57142857142857,5.285714285714286,29.32857142857143,32.0,7.0,9.62857142857143,12.0,14.12857142857143,7
Jordan Pickford,1.0,Everton,eng ENG,GK,2023-2024,90.0,0.0,0.0,0.0,0.0,0.0,0.0,5.0,0.0,44.21052631578947,0.02631578947368421,0.0,0.07894736842105263,0.0,0.0,0.0,0.631578947368421,0.0,25.94736842105263,41.473684210526315,62.37894736842105,0.15789473684210525,23.789473684210527,0.02631578947368421,0.02631578947368421,4.342105263157895,1.3421052631578947,3.0789473684210527,74.17631578947368,1.3763157894736842,9.473684210526315,23.710526315789473,40.35,34.13157894736842,3.710526315789474,57.171052631578945,41.87894736842105,30.0,5.339473684210526,54.0,15.806060606060607,38
Josep Martinez,1.0,Genoa,es ESP,GK,2023-2024,89.97222222222223,0.0,0.0,0.0,0.0,0.0,0.0,4.0,1.0,41.72222222222222,0.0,0.027777777777777776,0.0,0.0,0.0,0.0,0.08333333333333333,0.0,28.25,39.72222222222222,70.94722222222222,0.05555555555555555,27.055555555555557,0.0,0.08333333333333333,3.611111111111111,1.1944444444444444,2.4166666666666665,68.08,1.077777777777778,6.305555555555555,16.194444444444443,39.95,34.80555555555556,2.9722222222222223,37.32222222222222,35.93611111111111,45.0,8.077777777777778,40.0,12.93611111111111,36
José Sá,1.0,Wolves,pt POR,GK,2023-2024,86.77142857142857,0.0,0.02857142857142857,0.0,0.0,0.0,0.0,1.0,0.0,34.22857142857143,0.0,0.0,0.08571428571428572,0.0,0.0,0.0,0.08571428571428572,0.02857142857142857,20.571428571428573,31.34285714285714,66.33714285714287,0.02857142857142857,19.34285714285714,0.0,0.08571428571428572,5.371428571428571,1.6571428571428573,3.742857142857143,71.00588235294117,1.8771428571428572,2.5588235294117645,12.114285714285714,22.62121212121212,24.02857142857143,5.588235294117647,33.214285714285715,33.07142857142857,45.0,10.702941176470588,28.0,12.357142857142858,35
Juan Musso,1.0,Atalanta,ar ARG,GK,2023-2024,90.0,0.0,0.0,0.0,0.0,0.0,0.0,0.0,0.0,36.0,0.09090909090909091,0.0,0.0,0.0,0.0,0.0,0.09090909090909091,0.0,25.272727272727273,33.72727272727273,73.91818181818182,0.0,22.545454545454547,0.0,0.0,3.090909090909091,1.0909090909090908,2.090909090909091,75.33,0.890909090909091,3.6363636363636362,10.909090909090908,30.60909090909091,27.181818181818183,6.363636363636363,25.90909090909091,30.44545454545454,10.0,9.4,16.0,15.018181818181818,11
Julen Agirrezabala,13.0,Athletic Club,es ESP,GK,2023-2024,59.5,0.0,0.0,0.0,0.0,0.0,0.0,0.0,0.0,26.0,0.0,0.0,0.0,0.0,0.0,0.0,0.0,0.0,16.75,25.0,61.6,0.0,14.5,0.0,0.0,3.0,1.0,2.0,70.825,0.625,4.5,12.25,34.525,19.5,5.0,42.975,35.525,2.0,7.575,3.0,14.666666666666666,4
Kepa Arrizabalaga,25.0,Real Madrid,es ESP,GK,2023-2024,85.57142857142857,0.0,0.0,0.0,0.0,0.0,0.0,1.0,0.0,33.857142857142854,0.0,0.0,0.0,0.0,0.0,0.0,0.0,0.0,27.571428571428573,32.57142857142857,86.72142857142856,0.0,22.357142857142858,0.0,0.0,2.7142857142857144,0.6428571428571429,2.142857142857143,77.3076923076923,0.7142857142857143,2.4285714285714284,6.571428571428571,40.00769230769231,27.571428571428573,4.071428571428571,16.192857142857143,25.928571428571427,6.0,4.385714285714285,10.0,15.25,14
Kevin Müller,1.0,Heidenheim,de GER,GK,2023-2024,90.0,0.0,0.0,0.0,0.0,0.0,0.0,1.0,0.0,46.294117647058826,0.08823529411764706,0.0,0.0,0.0,0.0,0.0,0.14705882352941177,0.0,32.470588235294116,43.588235294117645,73.94411764705882,0.0,25.970588235294116,0.0,0.0,5.117647058823529,1.6176470588235294,3.5588235294117645,71.52352941176471,1.5647058823529412,7.323529411764706,17.5,42.012121212121215,34.23529411764706,4.911764705882353,37.26764705882353,36.52058823529412,24.0,4.241176470588235,17.0,12.718181818181819,34
Kevin Trapp,1.0,Eint Frankfurt,de GER,GK,2023-2024,90.0,0.0,0.0,0.0,0.0,0.0,0.0,2.0,0.0,38.375,0.0,0.03125,0.0,0.0,0.0,0.0,0.03125,0.0,27.09375,36.4375,75.215625,0.03125,22.0,0.0,0.0,4.28125,1.5,2.71875,69.50322580645161,1.509375,3.1875,11.28125,28.087500000000002,29.65625,4.28125,27.94375,29.5125,16.0,4.5,30.0,14.936666666666667,32
Keylor Navas,1.0,Paris S-G,cr CRC,GK,2023-2024,90.0,0.0,0.0,0.0,0.0,0.0,0.0,0.0,0.0,25.75,0.0,0.0,0.0,0.0,0.0,0.0,0.0,0.0,22.75,24.5,93.55,0.0,19.5,0.0,0.0,3.0,1.5,1.5,62.5,1.175,1.0,2.25,44.43333333333334,20.0,3.0,9.65,23.25,0.0,0.0,5.0,14.75,4
Koen Casteels,1.0,Wolfsburg,be BEL,GK,2023-2024,90.0,0.0,0.0,0.0,0.0,0.0,0.0,2.0,0.0,40.16,0.08,0.0,0.0,0.0,0.0,0.008,0.24,0.04,27.52,37.96,72.532,0.04,24.2,0.0,0.0,4.6,1.56,3.12,65.3,1.456,6.44,15.6,41.372,31.44,4.72,36.18,34.872,25.0,7.904,38.0,14.432,25
Lapo Nava,69.0,Milan,it ITA,GK,2023-2024,3.0,0.0,0.0,0.0,0.0,0.0,0.0,0.0,0.0,2.0,0.0,0.0,0.0,0.0,0.0,0.0,0.0,0.0,1.0,1.0,100.0,0.0,1.0,0.0,0.0,2.0,1.0,1.0,50.0,0.9,1.0,1.0,100.0,1.0,0.0,100.0,43.0,0.0,,0.0,,1
Lorenzo Montipò,1.0,Hellas Verona,it ITA,GK,2023-2024,90.0,0.0,0.02702702702702703,0.0,0.0,0.0,0.0,0.0,0.0,37.432432432432435,0.02702702702702703,0.0,0.0,0.0,0.0,0.0,0.21621621621621623,0.02702702702702703,21.16216216216216,34.37837837837838,62.351351351351354,0.0,18.62162162162162,0.0,0.0,4.135135135135135,1.3243243243243243,2.8378378378378377,65.08108108108108,1.1054054054054054,8.72972972972973,20.62162162162162,44.34594594594594,25.945945945945947,2.945945945945946,54.321621621621624,41.108108108108105,22.0,4.613513513513513,43.0,14.319444444444445,37
Loris Karius,18.0,Newcastle Utd,de GER,GK,2023-2024,90.0,0.0,0.0,0.0,0.0,0.0,0.0,0.0,0.0,41.0,0.0,0.0,0.0,0.0,0.0,0.0,0.0,0.0,21.0,37.0,56.8,0.0,17.0,0.0,0.0,7.0,4.0,4.0,42.9,2.0,3.0,18.0,16.7,27.0,5.0,48.1,36.3,1.0,10.0,3.0,19.5,1
Luca Gemello,1.0,Torino,it ITA,GK,2023-2024,90.0,0.0,0.0,0.0,0.0,0.0,0.0,0.0,0.0,61.0,0.0,0.0,0.0,0.0,0.0,0.0,0.0,0.0,47.5,59.0,79.7,0.0,43.5,0.0,0.0,4.5,2.5,2.0,35.7,1.75,5.0,14.5,34.3,52.0,4.0,27.200000000000003,31.35,3.0,12.5,3.0,12.55,2
Lucas Chevalier,30.0,Lille,fr FRA,GK,2023-2024,89.96969696969697,0.0,0.0,0.0,0.0,0.0,0.0,1.0,0.0,38.03030303030303,0.09090909090909091,0.0,0.030303030303030304,0.0,0.0,0.0030303030303030303,0.15151515151515152,0.030303030303030304,27.696969696969695,35.93939393939394,77.81212121212121,0.06060606060606061,28.21212121212121,0.0,0.0,3.727272727272727,0.9696969696969697,2.757575757575758,75.84193548387097,1.087878787878788,3.0606060606060606,10.424242424242424,27.6375,32.09090909090909,3.6666666666666665,26.066666666666666,29.363636363636363,25.0,6.012121212121213,28.0,11.796969696969697,33
Lukáš Hrádecký,1.0,Leverkusen,fi FIN,GK,2023-2024,90.0,0.0,0.0,0.0,0.0,0.0,0.0,2.0,0.0,28.454545454545453,0.0,0.0,0.030303030303030304,0.0,0.0,0.0,0.06060606060606061,0.030303030303030304,21.393939393939394,26.848484848484848,81.66969696969697,0.030303030303030304,16.454545454545453,0.0,0.0,3.090909090909091,0.7272727272727273,2.3636363636363638,75.08965517241379,0.8333333333333334,2.1515151515151514,6.121212121212121,39.109375,22.303030303030305,5.0,19.939393939393938,27.03636363636364,27.0,9.13030303030303,39.0,16.824137931034482,33
Luís Maximiano,25.0,Almería,pt POR,GK,2023-2024,90.0,0.0,0.0,0.0,0.0,0.0,0.0,1.0,0.0,41.06060606060606,0.0,0.0,0.0,0.0,0.0,0.0,0.12121212121212122,0.030303030303030304,25.242424242424242,38.36363636363637,66.24545454545455,0.0,21.515151515151516,0.0,0.09090909090909091,5.303030303030303,1.9090909090909092,3.3636363636363638,64.18181818181819,1.812121212121212,4.787878787878788,16.454545454545453,31.25151515151515,30.151515151515152,4.424242424242424,39.224242424242426,35.82121212121212,25.0,4.418181818181819,38.0,13.980645161290322,33
Maduka Okoye,40.0,Udinese,ng NGA,GK,2023-2024,90.0,0.0,0.0,0.0,0.0,0.0,0.0,2.0,0.0,23.38095238095238,0.0,0.047619047619047616,0.0,0.0,0.0,0.0,0.0,0.0,13.095238095238095,21.476190476190474,62.38095238095238,0.0,9.666666666666666,0.0,0.0,4.238095238095238,1.1904761904761905,3.0952380952380953,71.29523809523809,1.1285714285714286,4.714285714285714,12.523809523809524,35.38095238095238,13.619047619047619,2.142857142857143,54.30476190476191,40.86666666666666,7.0,1.7476190476190478,2.0,8.455555555555556,21
Manuel Neuer,1.0,Bayern Munich,de GER,GK,2023-2024,89.26086956521739,0.0,0.0,0.0,0.0,0.0,0.0,1.0,0.0,40.0,0.043478260869565216,0.0,0.0,0.0,0.0,0.0,0.17391304347826086,0.0,32.78260869565217,38.08695652173913,86.46521739130435,0.34782608695652173,24.869565217391305,0.0,0.043478260869565216,4.043478260869565,1.5,2.5652173913043477,68.35909090909091,1.2782608695652176,3.1739130434782608,6.913043478260869,49.69130434782609,33.869565217391305,4.782608695652174,19.14090909090909,27.569565217391304,9.0,4.004545454545454,32.0,18.3,23
Manuel Riemann,1.0,Bochum,de GER,GK,2023-2024,90.0,0.0,0.0,0.0,0.0,0.0,0.0,5.0,0.0,55.15151515151515,0.06060606060606061,0.030303030303030304,0.0,0.0,0.0,0.006060606060606061,0.8787878787878788,0.09090909090909091,31.242424242424242,51.96969696969697,59.554545454545455,0.5757575757575758,33.57575757575758,0.0,0.030303030303030304,5.606060606060606,2.121212121212121,3.515151515151515,68.12424242424242,1.809090909090909,13.030303030303031,31.545454545454547,41.53333333333333,45.39393939393939,2.696969696969697,62.333333333333336,42.96363636363636,35.0,6.3,104.0,19.736363636363635,33
Marc Martínez,13.0,Granada,es ESP,GK,2023-2024,90.0,0.0,0.0,0.0,0.0,0.0,0.0,0.0,0.0,37.333333333333336,0.0,0.0,0.0,0.0,0.0,0.0,0.0,0.0,25.0,32.666666666666664,77.23333333333333,0.0,18.333333333333332,0.0,0.0,7.666666666666667,3.6666666666666665,4.0,60.73333333333333,4.033333333333333,5.666666666666667,13.0,30.433333333333334,24.666666666666668,3.0,32.63333333333333,32.766666666666666,0.0,0.0,10.0,20.133333333333333,3
Marc-André ter Stegen,1.0,Barcelona,de GER,GK,2023-2024,90.0,0.0,0.0,0.0,0.0,0.0,0.0,3.0,0.0,38.57142857142857,0.0,0.0,0.0,0.0,0.0,0.0035714285714285718,0.2857142857142857,0.07142857142857142,33.107142857142854,37.0,89.82142857142857,0.03571428571428571,24.821428571428573,0.0,0.0,3.642857142857143,0.9642857142857143,2.6785714285714284,76.71851851851852,0.9928571428571429,3.2857142857142856,5.964285714285714,58.79642857142857,31.107142857142858,4.107142857142857,13.582142857142857,26.042857142857144,13.0,3.682142857142857,31.0,15.392000000000001,28
Marcel Schuhen,1.0,Darmstadt 98,de GER,GK,2023-2024,90.0,0.0,0.0,0.0,0.0,0.0,0.0,2.0,0.0,50.645161290322584,0.03225806451612903,0.06451612903225806,0.0,0.0,0.0,0.0,0.3548387096774194,0.0,34.32258064516129,48.25806451612903,70.45483870967742,0.16129032258064516,28.70967741935484,0.0,0.03225806451612903,6.387096774193548,2.4516129032258065,3.967741935483871,63.30967741935484,2.206451612903226,7.903225806451613,19.93548387096774,40.329032258064515,38.83870967741935,5.870967741935484,37.21612903225807,35.34193548387096,24.0,5.432258064516129,51.0,15.361290322580645,31
Marcin Bułka,1.0,Nice,pl POL,GK,2023-2024,90.0,0.0,0.0,0.0,0.0,0.03225806451612903,0.0,2.0,0.0,38.096774193548384,0.0,0.0,0.0,0.0032258064516129032,0.0032258064516129032,0.0,0.0967741935483871,0.0,31.032258064516128,36.45161290322581,85.73870967741935,0.0,31.29032258064516,0.0,0.06451612903225806,3.129032258064516,0.8709677419354839,2.193548387096774,78.11,0.8838709677419354,2.129032258064516,5.741935483870968,37.47586206896552,31.93548387096774,4.67741935483871,14.245161290322581,23.551612903225806,31.0,9.064516129032258,19.0,11.558620689655172,31
Marcin Bułka,90.0,Nice,pl POL,GK,2023-2024,90.0,0.0,0.0,0.0,0.0,0.0,0.0,0.0,0.0,37.0,0.0,0.0,0.0,0.0,0.0,0.0,0.0,0.0,32.666666666666664,35.0,95.16666666666667,0.0,30.666666666666668,0.0,0.0,2.6666666666666665,0.6666666666666666,2.0,76.66666666666667,1.0666666666666667,2.6666666666666665,3.6666666666666665,85.0,32.0,4.333333333333333,6.8,23.0,1.0,2.3666666666666667,2.0,12.1,3
Marco Bizot,40.0,Brest,nl NED,GK,2023-2024,89.875,0.0,0.0,0.0,0.0,0.0,0.0,3.0,1.0,37.03125,0.0,0.0,0.0,0.0,0.0,0.0,0.15625,0.0,25.8125,34.375,75.36875,0.03125,26.1875,0.0,0.0,4.096774193548387,1.064516129032258,3.0,77.82903225806452,1.1193548387096774,7.258064516129032,15.064516129032258,49.777419354838706,28.516129032258064,4.193548387096774,40.10322580645161,35.28387096774193,17.0,3.858064516129032,39.0,16.343333333333334,32
Marco Carnesecchi,29.0,Atalanta,it ITA,GK,2023-2024,89.81481481481481,0.0,0.0,0.0,0.0,0.0,0.0,0.0,0.0,35.370370370370374,0.0,0.0,0.0,0.0,0.0,0.0,0.0,0.0,22.925925925925927,32.55555555555556,70.43333333333334,0.0,17.925925925925927,0.0,0.0,4.115384615384615,1.1538461538461537,2.8846153846153846,73.4076923076923,1.0888888888888888,4.481481481481482,12.518518518518519,36.15555555555556,25.185185185185187,5.2592592592592595,30.68888888888889,34.040740740740745,20.0,5.818518518518518,39.0,14.096296296296297,27
Marco Silvestri,1.0,Udinese,it ITA,GK,2023-2024,90.0,0.0,0.0,0.0,0.0,0.0,0.0,0.0,0.0,28.705882352941178,0.0,0.0,0.058823529411764705,0.0,0.0,0.0,0.11764705882352941,0.0,19.058823529411764,26.529411764705884,71.8529411764706,0.0,14.705882352941176,0.0,0.0,4.0,1.6470588235294117,2.3529411764705883,64.55882352941177,1.5058823529411764,3.3529411764705883,9.882352941176471,31.34705882352941,20.294117647058822,4.0,32.90588235294118,32.05294117647059,5.0,1.9235294117647062,7.0,12.607142857142858,17
Marco Sportiello,57.0,Milan,it ITA,GK,2023-2024,90.0,0.0,0.0,0.0,0.0,0.0,0.0,0.0,0.0,37.57142857142857,0.0,0.0,0.0,0.0,0.0,0.0,0.2857142857142857,0.14285714285714285,30.428571428571427,35.285714285714285,86.21428571428571,0.0,27.142857142857142,0.0,0.0,4.714285714285714,1.5714285714285714,3.2857142857142856,64.14285714285714,1.2714285714285716,2.857142857142857,7.285714285714286,33.32857142857143,32.857142857142854,5.714285714285714,20.5,27.057142857142857,5.0,6.885714285714286,9.0,15.885714285714286,7
Mark Flekken,1.0,Brentford,nl NED,GK,2023-2024,88.78378378378379,0.0,0.02702702702702703,0.0,0.0,0.0,0.0,3.0,0.0,44.810810810810814,0.02702702702702703,0.0,0.02702702702702703,0.0,0.0,0.010810810810810811,0.2702702702702703,0.08108108108108109,30.56756756756757,42.7027027027027,71.45945945945945,0.13513513513513514,25.135135135135137,0.0,0.08108108108108109,4.756756756756757,1.7027027027027026,3.138888888888889,61.42162162162162,1.4891891891891893,6.54054054054054,17.486486486486488,37.18648648648649,34.810810810810814,3.5405405405405403,38.18611111111111,35.064864864864866,44.0,7.541666666666667,37.0,12.865714285714287,37
Mark Travers,42.0,Bournemouth,ie IRL,GK,2023-2024,90.0,0.0,0.0,0.0,0.0,0.0,0.0,0.0,0.0,32.75,0.0,0.0,0.0,0.0,0.0,0.0,0.5,0.0,16.75,29.5,55.025,0.0,17.5,0.0,0.0,4.5,1.25,3.25,81.95,1.25,5.5,18.0,28.525,23.0,3.25,59.025,43.075,3.0,4.975,3.0,15.3,4
Marko Dmitrović,1.0,Sevilla,rs SRB,GK,2023-2024,90.0,0.0,0.0,0.0,0.0,0.0,0.0,1.0,0.0,33.0,0.07692307692307693,0.07692307692307693,0.0,0.0,0.0,0.0,0.23076923076923078,0.0,22.46153846153846,30.307692307692307,74.34615384615384,0.07692307692307693,18.0,0.0,0.07692307692307693,5.230769230769231,1.9230769230769231,3.3846153846153846,68.99230769230769,1.7384615384615385,4.0,11.384615384615385,36.87692307692308,24.153846153846153,5.384615384615385,33.784615384615385,33.0,11.0,7.269230769230769,15.0,15.491666666666667,13
Martin Dúbravka,1.0,Newcastle Utd,sk SVK,GK,2023-2024,86.30434782608695,0.0,0.0,0.0,0.0,0.0,0.0,1.0,0.0,30.82608695652174,0.0,0.0,0.0,0.0,0.0,0.004347826086956522,0.0,0.0,22.565217391304348,28.304347826086957,76.19565217391305,0.0,16.434782608695652,0.0,0.0,5.6521739130434785,1.826086956521739,3.782608695652174,72.38636363636364,1.8347826086956522,2.4347826086956523,7.173913043478261,33.60476190476191,20.869565217391305,6.217391304347826,19.691304347826087,27.195652173913043,20.0,5.908695652173913,22.0,12.713043478260868,23
Marvin Schwäbe,1.0,Köln,de GER,GK,2023-2024,90.0,0.0,0.0,0.0,0.0,0.0,0.0,0.0,0.0,40.970588235294116,0.029411764705882353,0.0,0.0,0.0,0.0,0.0029411764705882353,0.23529411764705882,0.0,29.823529411764707,38.38235294117647,77.95,0.08823529411764706,24.5,0.0,0.0,4.9411764705882355,1.7647058823529411,3.176470588235294,65.53939393939395,1.826470588235294,3.9705882352941178,10.941176470588236,34.45882352941176,33.76470588235294,2.9705882352941178,28.400000000000002,31.452941176470592,14.0,3.0176470588235293,21.0,12.98709677419355,34
Massamba Ndiaye,1.0,Clermont Foot,sn SEN,GK,2023-2024,90.0,0.0,0.0,0.0,0.0,0.0,0.0,0.0,0.0,47.0,0.0,0.0,0.0,0.0,0.0,0.0,0.0,0.0,32.25,43.5,72.725,0.25,35.25,0.0,0.0,6.0,1.5,4.5,71.425,1.9500000000000002,5.0,13.75,33.625,37.0,7.0,32.7,32.05,7.0,14.3,3.0,10.525,4
Matej Kovar,17.0,Leverkusen,cz CZE,GK,2023-2024,90.0,0.0,0.0,0.0,0.0,0.0,0.0,0.0,0.0,19.0,0.0,0.0,0.0,0.0,0.0,0.0,0.0,0.0,17.0,17.0,100.0,0.0,8.0,0.0,0.0,3.0,0.0,3.0,100.0,0.4,0.0,0.0,,17.0,6.0,0.0,22.1,1.0,33.3,1.0,15.0,1
Mathieu Gorgelin,1.0,Le Havre,fr FRA,GK,2023-2024,90.0,0.0,0.0,0.0,0.0,0.0,0.0,1.0,0.0,21.0,0.0,0.0,0.0,0.0,0.0,0.0,0.0,0.0,12.0,19.0,63.2,0.0,16.0,0.0,0.0,5.0,2.0,3.0,80.0,2.9,3.0,9.0,33.3,17.0,0.0,47.1,33.1,0.0,0.0,1.0,14.5,1
Matt Turner,1.0,Nott'ham Forest,us USA,GK,2023-2024,90.0,0.0,0.0,0.0,0.0,0.0,0.0,1.0,0.0,36.23529411764706,0.0,0.0,0.0,0.0,0.0,0.0,0.23529411764705882,0.0,23.41176470588235,34.0,68.67058823529412,0.0,18.764705882352942,0.0,0.0,4.705882352941177,1.6470588235294117,3.0588235294117645,68.04705882352941,1.3,7.411764705882353,16.470588235294116,45.21176470588235,25.647058823529413,5.823529411764706,43.04705882352941,35.747058823529414,30.0,11.335294117647058,18.0,11.675,17
Mattia Perin,36.0,Juventus,it ITA,GK,2023-2024,75.0,0.0,0.0,0.0,0.0,0.0,0.0,0.0,0.0,23.333333333333332,0.0,0.0,0.0,0.0,0.0,0.0,0.0,0.0,18.0,22.0,82.93333333333334,0.0,13.666666666666666,0.0,0.0,1.6666666666666667,0.5,1.3333333333333333,75.0,0.43333333333333335,2.5,5.0,63.65,18.0,4.5,24.95,28.600000000000005,2.0,5.25,3.0,16.333333333333332,3
Matz Sels,1.0,Strasbourg,be BEL,GK,2023-2024,90.0,0.0,0.0,0.0,0.0,0.0,0.0,2.0,0.0,34.94736842105263,0.0,0.0,0.10526315789473684,0.0,0.0,0.02631578947368421,0.10526315789473684,0.0,23.789473684210527,32.578947368421055,72.29473684210525,0.0,23.789473684210527,0.0,0.0,3.263157894736842,1.263157894736842,2.1052631578947367,59.415789473684214,1.0578947368421054,4.631578947368421,11.894736842105264,38.55263157894737,26.57894736842105,3.5789473684210527,38.95789473684211,35.11052631578948,6.0,2.4105263157894736,19.0,12.816666666666666,19
Matz Sels,26.0,Nott'ham Forest,be BEL,GK,2023-2024,90.0,0.0,0.0,0.0,0.0,0.0,0.0,1.0,0.0,25.5625,0.0,0.0,0.0,0.0,0.0,0.00625,0.0625,0.0,16.4375,23.625,70.61875,0.0,13.3125,0.0,0.0,3.8125,1.6875,2.25,53.46875,1.06875,4.6875,11.1875,38.56875,17.6875,3.1875,43.7375,35.56875,11.0,5.51875,4.0,8.6,16
Michael Zetterer,30.0,Werder Bremen,de GER,GK,2023-2024,90.0,0.0,0.0,0.0,0.0,0.037037037037037035,0.0,2.0,0.0,44.44444444444444,0.1111111111111111,0.0,0.0,0.003703703703703704,0.003703703703703704,0.007407407407407408,0.2222222222222222,0.0,33.0,41.74074074074074,78.60740740740741,0.1111111111111111,29.40740740740741,0.0,0.0,4.7407407407407405,1.3703703703703705,3.4074074074074074,74.73703703703704,1.5185185185185186,5.37037037037037,12.222222222222221,42.45925925925926,36.18518518518518,5.962962962962963,29.73333333333333,33.20740740740741,34.0,8.444444444444445,30.0,13.896153846153847,27
Michele Cerofolini,31.0,Frosinone,it ITA,GK,2023-2024,84.375,0.0,0.0,0.0,0.0,0.0,0.0,1.0,0.0,28.25,0.0,0.0,0.0,0.0,0.0,0.0,0.125,0.0,15.5,26.125,60.25,0.0,14.0,0.0,0.0,3.5,1.375,2.25,68.32857142857144,0.75,2.25,12.5,21.55,21.375,3.5,47.4875,37.0875,4.0,2.9250000000000003,7.0,10.5,8
Michele Di Gregorio,16.0,Monza,it ITA,GK,2023-2024,87.03030303030303,0.0,0.0,0.0,0.0,0.0,0.0,0.0,0.0,43.60606060606061,0.030303030303030304,0.030303030303030304,0.030303030303030304,0.0,0.0,0.0,0.3333333333333333,0.09090909090909091,31.939393939393938,40.90909090909091,77.67878787878789,0.030303030303030304,26.636363636363637,0.0,0.09090909090909091,4.818181818181818,1.1290322580645162,3.696969696969697,81.00333333333333,1.378787878787879,5.424242424242424,13.030303030303031,39.68484848484848,34.121212121212125,6.090909090909091,27.578787878787878,30.61212121212121,19.0,4.070967741935484,18.0,11.99655172413793,33
Mike Maignan,16.0,Milan,fr FRA,GK,2023-2024,89.96551724137932,0.0,0.034482758620689655,0.0,0.0,0.0,0.0,1.0,1.0,44.310344827586206,0.034482758620689655,0.034482758620689655,0.034482758620689655,0.0,0.0,0.010344827586206896,0.27586206896551724,0.034482758620689655,35.62068965517241,42.3448275862069,85.33793103448276,0.0,30.103448275862068,0.0,0.034482758620689655,4.137931034482759,1.2142857142857142,2.9655172413793105,77.10000000000001,1.0310344827586206,4.103448275862069,9.793103448275861,45.893103448275866,36.89655172413793,6.482758620689655,20.155172413793103,27.75172413793103,37.0,11.75,36.0,14.946428571428571,29
Mile Svilar,99.0,Roma,rs SRB,GK,2023-2024,90.0,0.0,0.0,0.0,0.0,0.0,0.0,1.0,0.0,42.93333333333333,0.0,0.0,0.0,0.0,0.0,0.0,0.2,0.0,35.06666666666667,40.333333333333336,87.6,0.0,27.6,0.0,0.06666666666666667,5.133333333333334,1.2666666666666666,3.8666666666666667,75.22666666666667,1.3333333333333333,2.933333333333333,7.733333333333333,42.90714285714286,34.4,5.133333333333334,14.6,24.633333333333333,16.0,7.42,7.0,11.521428571428572,15
Moritz Nicolas,33.0,Gladbach,de GER,GK,2023-2024,90.0,0.0,0.0,0.0,0.0,0.0,0.0,2.0,0.0,41.44444444444444,0.037037037037037035,0.0,0.0,0.0,0.0,0.0,0.3333333333333333,0.0,30.296296296296298,39.074074074074076,77.92592592592592,0.0,27.37037037037037,0.0,0.0,5.925925925925926,1.8148148148148149,4.111111111111111,71.49259259259259,1.6703703703703705,4.148148148148148,11.666666666666666,36.41153846153846,32.888888888888886,5.185185185185185,26.57037037037037,29.866666666666667,21.0,5.503703703703703,22.0,13.55185185185185,27
Mory Diaw,99.0,Clermont Foot,sn SEN,GK,2023-2024,90.0,0.0,0.0,0.0,0.0,0.0,0.0,3.0,0.0,45.06666666666667,0.03333333333333333,0.03333333333333333,0.0,0.0,0.0,0.0,0.23333333333333334,0.03333333333333333,28.266666666666666,41.5,69.16333333333334,0.03333333333333333,32.36666666666667,0.0,0.1,6.266666666666667,1.8,4.466666666666667,75.55333333333333,1.8966666666666667,6.866666666666666,18.6,38.57666666666667,35.5,4.3,41.803333333333335,36.3,39.0,9.03,46.0,14.270000000000001,30
Neto,1.0,Bournemouth,br BRA,GK,2023-2024,90.0,0.0,0.0,0.0,0.0,0.0,0.0,5.0,0.0,35.5625,0.0,0.03125,0.03125,0.0,0.0,0.0,0.15625,0.0,21.625,33.125,66.075,0.0,19.84375,0.0,0.0625,5.15625,1.71875,3.4375,69.3375,1.721875,5.375,15.4375,36.621875,26.03125,4.8125,43.940625,36.871875,26.0,6.975,34.0,12.99375,32
Nick Pope,22.0,Newcastle Utd,eng ENG,GK,2023-2024,89.66666666666667,0.0,0.0,0.0,0.0,0.06666666666666667,0.0,1.0,0.0,28.933333333333334,0.0,0.0,0.0,0.0,0.0,0.0,0.06666666666666667,0.0,20.466666666666665,26.6,77.0,0.0,14.466666666666667,0.0,0.0,3.8666666666666667,1.1428571428571428,2.8,76.66428571428571,1.1266666666666665,2.7333333333333334,7.866666666666666,39.473333333333336,20.266666666666666,5.866666666666666,21.013333333333332,28.666666666666668,9.0,6.073333333333333,28.0,16.9,15
Nicola Bagnolini,23.0,Bologna,it ITA,GK,2023-2024,5.0,0.0,0.0,0.0,0.0,0.0,0.0,0.0,0.0,4.0,0.0,0.0,0.0,0.0,0.0,0.0,0.0,0.0,2.0,3.0,66.7,0.0,1.0,0.0,0.0,1.0,0.0,1.0,100.0,0.0,1.0,2.0,50.0,1.0,0.0,100.0,47.0,0.0,,0.0,,1
Nicola Leali,16.0,Genoa,it ITA,GK,2023-2024,87.5,0.0,0.0,0.0,0.0,0.0,0.0,1.0,0.0,38.0,0.0,0.0,0.0,0.0,0.0,0.0,0.5,0.0,20.0,36.0,55.6,0.0,19.0,0.0,0.0,4.5,2.0,3.5,75.0,1.35,9.0,24.0,37.8,31.0,3.0,69.5,45.9,2.0,7.699999999999999,1.0,9.9,2
Nikita Contini Baranovsky,14.0,Napoli,it ITA,GK,2023-2024,17.0,0.0,0.0,0.0,0.0,0.0,0.0,0.0,0.0,5.0,0.0,0.0,0.0,0.0,0.0,0.0,1.0,0.0,4.0,4.0,100.0,0.0,2.0,0.0,0.0,0.0,0.0,0.0,,0.0,0.0,0.0,,3.0,1.0,0.0,17.0,0.0,0.0,3.0,37.0,1
Noah Atubolu,1.0,Freiburg,de GER,GK,2023-2024,90.0,0.0,0.0,0.0,0.0,0.0,0.0,0.0,0.0,42.970588235294116,0.0,0.0,0.0,0.0,0.0,0.0,0.11764705882352941,0.0,28.88235294117647,40.94117647058823,71.14411764705882,0.029411764705882353,24.558823529411764,0.0,0.0,4.647058823529412,1.7058823529411764,2.911764705882353,66.07058823529412,1.473529411764706,5.676470588235294,16.705882352941178,34.74411764705882,33.76470588235294,4.705882352941177,35.03529411764706,34.088235294117645,31.0,5.944117647058824,30.0,13.66969696969697,34
Odisseas Vlachodimos,23.0,Nott'ham Forest,gr GRE,GK,2023-2024,90.0,0.0,0.0,0.0,0.0,0.0,0.0,0.0,0.0,36.2,0.0,0.0,0.0,0.0,0.0,0.0,0.2,0.0,28.2,35.2,79.7,0.2,18.8,0.0,0.0,4.4,2.4,2.0,55.339999999999996,1.58,5.6,12.0,45.94,26.0,4.2,27.48,30.22,3.0,2.7399999999999998,2.0,11.2,5
Oliver Baumann,1.0,Hoffenheim,de GER,GK,2023-2024,90.0,0.0,0.029411764705882353,0.0,0.0,0.0,0.0,1.0,0.0,44.73529411764706,0.029411764705882353,0.0,0.0,0.0,0.0,0.0058823529411764705,0.17647058823529413,0.029411764705882353,31.029411764705884,41.529411764705884,75.29117647058824,0.029411764705882353,24.029411764705884,0.0,0.0,6.205882352941177,1.9411764705882353,4.205882352941177,65.03939393939395,2.0088235294117647,6.117647058823529,15.558823529411764,39.858823529411765,34.088235294117645,4.852941176470588,33.80588235294118,32.779411764705884,31.0,6.288235294117648,73.0,16.352941176470587,34
Oliver Christensen,53.0,Fiorentina,dk DEN,GK,2023-2024,90.0,0.0,0.0,0.0,0.0,0.0,0.0,0.0,0.0,49.25,0.0,0.0,0.0,0.0,0.0,0.0,0.0,0.0,36.5,47.5,79.2,0.0,30.5,0.0,0.0,4.75,2.25,2.5,49.425,1.1500000000000001,5.75,15.25,52.85,42.5,3.75,28.375,29.925,1.0,3.575,9.0,20.15,4
Pau López,16.0,Marseille,es ESP,GK,2023-2024,89.06060606060606,0.0,0.0,0.0,0.0,0.0,0.0,1.0,0.0,38.121212121212125,0.0,0.0,0.0,0.0,0.0,0.012121212121212121,0.30303030303030304,0.030303030303030304,28.0,36.21212121212121,77.42727272727272,0.0,28.666666666666668,0.0,0.0,3.84375,1.21875,2.65625,70.03548387096774,1.015625,2.90625,10.0625,26.863333333333333,31.9375,3.4375,25.259375,29.446875,15.0,3.940625,25.0,13.13225806451613,33
Paulo Gazzaniga,13.0,Girona,ar ARG,GK,2023-2024,90.0,0.0,0.0,0.0,0.0,0.0,0.0,2.0,0.0,38.76315789473684,0.05263157894736842,0.0,0.0,0.0,0.0,0.018421052631578946,0.2894736842105263,0.02631578947368421,28.789473684210527,36.60526315789474,79.14473684210526,0.0,23.605263157894736,0.0,0.15789473684210525,4.421052631578948,1.2105263157894737,3.1842105263157894,76.24473684210527,1.3473684210526315,4.078947368421052,11.052631578947368,39.91052631578947,30.0,4.684210526315789,25.31578947368421,29.88684210526316,41.0,8.25263157894737,33.0,12.888235294117647,38
Pavao Pervan,12.0,Wolfsburg,at AUT,GK,2023-2024,90.0,0.0,0.0,0.0,0.0,0.0,0.0,1.0,0.0,34.888888888888886,0.0,0.0,0.0,0.0,0.0,0.0,0.1111111111111111,0.0,25.444444444444443,33.333333333333336,76.6,0.0,18.88888888888889,0.0,0.0,4.0,1.8888888888888888,2.2222222222222223,55.71111111111111,1.2666666666666666,4.444444444444445,11.555555555555555,36.15555555555555,29.22222222222222,4.333333333333333,33.44444444444444,32.922222222222224,1.0,0.8555555555555556,3.0,14.385714285714286,9
Pepe Reina,1.0,Villarreal,es ESP,GK,2023-2024,90.0,0.0,0.0,0.0,0.0,0.0,0.0,0.0,0.0,36.5,0.0,0.0,0.0,0.0,0.0,0.0,0.0,0.0,28.5,34.5,82.85,0.0,23.5,0.0,0.0,4.5,1.0,3.5,75.0,0.9500000000000001,3.0,9.0,29.25,29.0,6.0,23.549999999999997,29.9,1.0,2.5,0.0,5.3,2
Philipp Köhn,16.0,Monaco,ch SUI,GK,2023-2024,90.0,0.0,0.0,0.0,0.0,0.0,0.0,0.0,0.0,32.09090909090909,0.045454545454545456,0.045454545454545456,0.0,0.0,0.0,0.0,0.13636363636363635,0.0,21.772727272727273,30.318181818181817,73.16818181818182,0.0,22.40909090909091,0.0,0.045454545454545456,4.409090909090909,1.4545454545454546,2.9545454545454546,74.83333333333333,1.4545454545454546,3.727272727272727,11.318181818181818,31.08181818181818,24.363636363636363,4.136363636363637,30.986363636363638,31.463636363636365,22.0,8.245454545454546,19.0,12.213636363636363,22
Pierluigi Gollini,95.0,Napoli,it ITA,GK,2023-2024,90.0,0.0,0.0,0.0,0.0,0.14285714285714285,0.0,0.0,0.0,39.857142857142854,0.14285714285714285,0.14285714285714285,0.0,0.0,0.0,0.0,0.0,0.0,31.142857142857142,38.0,83.89999999999999,0.0,21.857142857142858,0.0,0.0,3.4285714285714284,1.1428571428571428,2.2857142857142856,63.333333333333336,1.157142857142857,3.857142857142857,9.714285714285714,54.07142857142857,30.428571428571427,4.0,19.8,28.82857142857143,5.0,6.142857142857143,9.0,16.614285714285714,7
Pietro Terracciano,1.0,Fiorentina,it ITA,GK,2023-2024,90.0,0.0,0.0,0.0,0.0,0.0,0.0,3.0,0.0,39.81818181818182,0.030303030303030304,0.0,0.030303030303030304,0.0,0.0,0.0030303030303030303,0.12121212121212122,0.0,29.666666666666668,37.303030303030305,79.67272727272727,0.0,22.0,0.0,0.0,3.8181818181818183,1.0606060606060606,2.727272727272727,71.18181818181819,1.2212121212121212,4.96969696969697,11.575757575757576,46.878787878787875,31.848484848484848,3.6363636363636362,28.827272727272724,31.942424242424238,7.0,2.324242424242424,23.0,15.983870967741936,33
Predrag Rajković,1.0,Mallorca,rs SRB,GK,2023-2024,90.0,0.0,0.0,0.0,0.0,0.0,0.0,2.0,0.0,36.80555555555556,0.05555555555555555,0.0,0.0,0.0,0.0,0.002777777777777778,0.25,0.027777777777777776,20.416666666666668,34.69444444444444,58.83611111111111,0.0,18.61111111111111,0.0,0.08333333333333333,3.8333333333333335,1.1944444444444444,2.638888888888889,70.65142857142858,1.1555555555555557,8.944444444444445,22.083333333333332,40.62222222222223,26.27777777777778,3.25,61.09166666666667,44.89166666666667,33.0,8.93888888888889,28.0,13.01388888888889,36
Péter Gulácsi,1.0,RB Leipzig,hu HUN,GK,2023-2024,90.0,0.0,0.0,0.0,0.0,0.0,0.0,0.0,0.0,38.23076923076923,0.0,0.0,0.0,0.0,0.0,0.0,0.07692307692307693,0.07692307692307693,31.23076923076923,36.15384615384615,86.60769230769232,0.07692307692307693,21.76923076923077,0.0,0.0,3.1538461538461537,0.6923076923076923,2.5384615384615383,75.76666666666667,0.7923076923076924,1.6923076923076923,6.076923076923077,30.025000000000002,28.692307692307693,4.461538461538462,12.715384615384616,25.284615384615385,7.0,4.5,14.0,12.741666666666667,13
Radosław Majecki,1.0,Monaco,pl POL,GK,2023-2024,90.0,0.0,0.0,0.0,0.0,0.0,0.0,1.0,0.0,33.416666666666664,0.0,0.0,0.08333333333333333,0.0,0.0,0.0,0.0,0.0,23.083333333333332,31.333333333333332,73.35000000000001,0.08333333333333333,23.416666666666668,0.0,0.0,4.5,0.8333333333333334,3.75,78.59166666666667,1.225,3.25,10.083333333333334,28.016666666666666,24.666666666666668,5.666666666666667,31.299999999999997,32.15,13.0,11.275,7.0,10.541666666666666,12
Raffaele Di Gennaro,12.0,Inter,it ITA,GK,2023-2024,23.0,0.0,0.0,0.0,0.0,0.0,0.0,0.0,0.0,19.0,0.0,0.0,0.0,0.0,0.0,0.0,0.0,0.0,15.0,17.0,88.2,0.0,18.0,0.0,0.0,4.0,0.0,4.0,100.0,0.5,1.0,2.0,50.0,15.0,3.0,13.3,25.2,0.0,0.0,0.0,,1
Raúl Fernández,1.0,Granada,es ESP,GK,2023-2024,70.0,0.0,0.0,0.0,0.0,0.0,0.0,0.0,0.0,28.75,0.0,0.0,0.0,0.0,0.0,0.0,0.0,0.0,17.25,26.75,67.175,0.0,14.5,0.0,0.0,5.666666666666667,3.6666666666666665,2.3333333333333335,36.666666666666664,2.6,4.666666666666667,11.75,38.9,28.333333333333332,3.3333333333333335,36.06666666666667,34.800000000000004,4.0,11.033333333333333,11.0,16.933333333333334,4
Remi Matthews,31.0,Crystal Palace,eng ENG,GK,2023-2024,4.0,0.0,0.0,0.0,0.0,0.0,0.0,0.0,0.0,6.0,0.0,0.0,0.0,0.0,0.0,0.0,0.0,0.0,0.0,5.0,0.0,0.0,2.0,0.0,0.0,1.0,1.0,0.0,0.0,0.1,0.0,5.0,0.0,4.0,0.0,100.0,53.8,1.0,100.0,0.0,3.5,1
Robert Sánchez,1.0,Chelsea,es ESP,GK,2023-2024,89.53333333333333,0.0,0.0,0.0,0.0,0.0,0.0,2.0,0.0,40.86666666666667,0.0,0.0,0.0,0.0,0.0,0.0,0.13333333333333333,0.0,31.4,38.266666666666666,81.50666666666666,0.06666666666666667,24.4,0.0,0.0,5.133333333333334,1.6,3.466666666666667,71.98,1.5666666666666667,3.8,9.2,41.86666666666667,32.46666666666667,5.466666666666667,22.233333333333334,28.533333333333335,17.0,11.486666666666668,24.0,13.678571428571429,15
Robert Sánchez,31.0,Chelsea,es ESP,GK,2023-2024,90.0,0.0,0.0,0.0,0.0,0.0,0.0,0.0,0.0,36.0,0.0,0.0,0.0,0.0,0.0,0.0,0.0,0.0,29.0,35.0,82.9,0.0,26.0,0.0,0.0,1.0,1.0,0.0,0.0,0.8,4.0,9.0,44.4,29.0,5.0,17.2,25.2,2.0,22.2,3.0,18.8,1
Robin Olsen,25.0,Aston Villa,se SWE,GK,2023-2024,81.0,0.0,0.0,0.0,0.0,0.0,0.0,0.0,0.0,43.2,0.0,0.0,0.0,0.0,0.0,0.0,0.0,0.0,33.0,40.6,78.94,0.0,26.2,0.0,0.0,6.8,2.6,4.0,59.1,2.2199999999999998,3.0,9.6,34.9,35.2,3.8,22.919999999999998,28.640000000000004,6.0,16.66,1.0,11.1,5
Robin Zentner,27.0,Mainz 05,de GER,GK,2023-2024,90.0,0.0,0.0,0.0,0.0,0.03333333333333333,0.0,3.0,0.0,37.43333333333333,0.06666666666666667,0.03333333333333333,0.03333333333333333,0.0,0.0,0.0,0.3333333333333333,0.0,22.1,34.833333333333336,63.766666666666666,0.03333333333333333,20.333333333333332,0.0,0.03333333333333333,4.266666666666667,1.6,2.7,63.343333333333334,1.6366666666666667,6.0,17.066666666666666,34.416666666666664,28.733333333333334,4.866666666666666,46.690000000000005,38.29333333333333,42.0,11.293333333333333,48.0,15.551724137931034,30
Rubén Blanco,36.0,Marseille,es ESP,GK,2023-2024,60.5,0.0,0.0,0.0,0.0,0.0,0.0,0.0,0.0,27.0,0.0,0.0,0.0,0.0,0.0,0.0,0.5,0.0,21.5,25.5,75.3,1.0,17.0,0.0,0.0,5.0,1.0,4.0,80.0,0.8,2.0,4.0,50.0,30.0,6.0,10.0,21.1,3.0,14.3,1.0,12.0,2
Rui Patrício,1.0,Roma,pt POR,GK,2023-2024,90.0,0.0,0.0,0.0,0.0,0.0,0.0,1.0,0.0,28.565217391304348,0.0,0.0,0.043478260869565216,0.0,0.0,0.0,0.0,0.0,21.434782608695652,27.391304347826086,79.13478260869564,0.0,15.173913043478262,0.0,0.0,3.217391304347826,1.173913043478261,2.130434782608696,64.31363636363636,1.0260869565217392,3.9130434782608696,9.173913043478262,42.72727272727273,21.391304347826086,3.739130434782609,31.32608695652174,31.065217391304348,16.0,4.452173913043478,8.0,10.51764705882353,23
Rui Silva,13.0,Betis,pt POR,GK,2023-2024,88.39285714285714,0.0,0.0,0.0,0.0,0.0,0.0,4.0,0.0,36.32142857142857,0.0,0.03571428571428571,0.0,0.0,0.0,0.0,0.07142857142857142,0.0,23.892857142857142,34.214285714285715,70.69642857142857,0.03571428571428571,19.928571428571427,0.0,0.03571428571428571,4.285714285714286,1.2857142857142858,3.0357142857142856,70.02857142857142,1.3392857142857142,4.607142857142857,13.571428571428571,32.267857142857146,27.571428571428573,4.25,35.15,33.09642857142857,31.0,9.653571428571428,34.0,15.028571428571428,28
Rémy Descamps,16.0,Nantes,fr FRA,GK,2023-2024,90.0,0.0,0.0,0.0,0.0,0.0,0.0,1.0,0.0,40.2,0.0,0.0,0.0,0.0,0.0,0.0,0.0,0.0,20.8,35.6,58.779999999999994,0.0,22.4,0.0,0.0,6.8,2.2,4.6,66.82000000000001,2.4,9.0,22.0,41.92,24.0,4.6,54.8,41.739999999999995,8.0,8.22,0.0,8.040000000000001,5
Rémy Riou,17.0,Lyon,fr FRA,GK,2023-2024,90.0,0.0,0.0,0.0,0.0,0.0,0.0,0.0,0.0,35.666666666666664,0.0,0.0,0.0,0.0,0.0,0.0,0.0,0.0,26.666666666666668,34.666666666666664,79.66666666666667,0.0,23.666666666666668,0.0,0.0,4.666666666666667,2.0,2.6666666666666665,50.0,1.5666666666666667,1.6666666666666667,8.0,33.06666666666667,27.0,4.333333333333333,15.700000000000001,25.933333333333334,3.0,10.299999999999999,3.0,13.366666666666667,3
Sam Johnstone,1.0,Crystal Palace,eng ENG,GK,2023-2024,89.8,0.0,0.0,0.0,0.0,0.0,0.0,1.0,0.0,32.0,0.05,0.05,0.0,0.0,0.0,0.0,0.1,0.05,17.15,29.95,55.720000000000006,0.0,17.5,0.0,0.0,3.35,1.35,2.1578947368421053,52.78421052631579,1.0,5.85,17.75,32.545,22.65,3.15,57.27,42.245,24.0,7.265000000000001,12.0,10.678947368421053,20
Samuele Perisan,1.0,Empoli,it ITA,GK,2023-2024,90.0,0.0,0.0,0.0,0.0,0.0,0.0,0.0,0.0,33.0,0.0,0.0,0.0,0.0,0.0,0.0,0.0,0.0,27.0,34.0,79.4,0.0,13.0,0.0,0.0,5.0,2.0,3.0,60.0,0.7,1.0,8.0,12.5,22.0,8.0,27.3,26.3,0.0,0.0,1.0,21.0,1
Sergio Herrera,1.0,Osasuna,es ESP,GK,2023-2024,90.0,0.0,0.0,0.0,0.0,0.0,0.0,0.0,0.0,39.375,0.25,0.0,0.0,0.0,0.0,0.0,0.125,0.0,23.375,36.25,63.525,0.0,20.5,0.0,0.0,4.75,1.625,3.125,68.0,1.5625,9.125,20.625,46.3,30.25,3.25,57.325,41.5625,6.0,4.8875,14.0,18.014285714285712,8
Simone Aresti,18.0,Cagliari,it ITA,GK,2023-2024,1.0,0.0,0.0,0.0,0.0,0.0,0.0,0.0,0.0,2.0,0.0,0.0,0.0,0.0,0.0,0.0,0.0,0.0,0.0,1.0,0.0,0.0,1.0,0.0,0.0,1.0,1.0,0.0,100.0,1.0,0.0,1.0,0.0,1.0,0.0,100.0,64.0,0.0,0.0,0.0,,1
Simone Perilli,34.0,Hellas Verona,it ITA,GK,2023-2024,90.0,0.0,0.0,0.0,0.0,0.0,0.0,0.0,0.0,45.0,0.0,0.0,0.0,0.0,0.0,0.0,1.0,0.0,17.0,38.0,44.7,0.0,23.0,0.0,0.0,10.0,2.0,8.0,80.0,2.7,8.0,28.0,28.6,32.0,2.0,75.0,49.5,0.0,0.0,2.0,18.0,1
Simone Scuffet,22.0,Cagliari,it ITA,GK,2023-2024,89.96774193548387,0.0,0.0,0.0,0.0,0.0,0.0,3.0,0.0,32.096774193548384,0.03225806451612903,0.03225806451612903,0.03225806451612903,0.0,0.0,0.0,0.06451612903225806,0.0,19.806451612903224,29.93548387096774,66.18064516129031,0.03225806451612903,13.741935483870968,0.0,0.0,4.161290322580645,1.7741935483870968,2.4516129032258065,60.763333333333335,1.4548387096774194,5.193548387096774,14.580645161290322,37.903225806451616,22.06451612903226,3.4193548387096775,43.196774193548386,37.26774193548387,22.0,4.980645161290322,20.0,11.62142857142857,31
Stefano Turati,80.0,Frosinone,it ITA,GK,2023-2024,88.44827586206897,0.0,0.0,0.0,0.0,0.0,0.0,0.0,0.0,36.827586206896555,0.0,0.0,0.0,0.0,0.0,0.0,0.034482758620689655,0.0,24.896551724137932,34.41379310344828,71.32413793103449,0.0,22.896551724137932,0.0,0.0,4.896551724137931,1.9285714285714286,3.0344827586206895,63.07142857142857,1.5310344827586206,2.3793103448275863,10.448275862068966,25.46206896551724,29.689655172413794,4.655172413793103,29.455172413793104,30.279310344827586,17.0,4.035714285714286,18.0,14.582142857142857,29
Steve Mandanda,30.0,Rennes,fr FRA,GK,2023-2024,90.0,0.0,0.0,0.0,0.0,0.0,0.0,1.0,0.0,36.56,0.08,0.0,0.0,0.0,0.0,0.0,0.08,0.0,25.76,34.28,76.56,0.0,26.36,0.0,0.04,4.12,1.32,2.92,72.244,1.156,3.8,11.08,30.308695652173913,28.8,4.32,27.1,30.616,24.0,6.412000000000001,29.0,14.583333333333334,25
Stole Dimitrievski,1.0,Rayo Vallecano,mk MKD,GK,2023-2024,90.0,0.0,0.0,0.0,0.0,0.0,0.0,2.0,0.0,34.351351351351354,0.02702702702702703,0.0,0.0,0.0,0.0,0.0,0.2702702702702703,0.0,19.783783783783782,32.37837837837838,60.656756756756764,0.0,17.216216216216218,0.0,0.02702702702702703,4.054054054054054,1.2702702702702702,2.810810810810811,69.99117647058823,1.2594594594594595,4.54054054054054,16.16216216216216,28.3972972972973,25.08108108108108,4.621621621621622,48.332432432432434,40.067567567567565,23.0,5.443243243243243,38.0,13.07878787878788,37
Sven Ulreich,26.0,Bayern Munich,de GER,GK,2023-2024,90.0,0.0,0.0,0.0,0.0,0.0,0.0,0.0,0.0,37.4,0.0,0.0,0.0,0.0,0.0,0.0,0.1,0.0,30.4,36.2,84.64,0.0,24.3,0.0,0.0,2.9,1.0,1.9,72.04444444444444,1.1,2.5,7.5,29.04,31.9,5.2,19.720000000000002,26.02,5.0,3.9299999999999997,12.0,19.11111111111111,10
Thibaut Courtois,1.0,Real Madrid,be BEL,GK,2023-2024,83.0,0.0,0.0,0.0,0.0,0.0,0.0,0.0,0.0,33.75,0.25,0.0,0.0,0.0,0.0,0.025,0.25,0.0,28.25,30.75,92.75,0.0,21.75,0.0,0.0,3.75,0.0,3.75,100.0,0.7749999999999999,3.3333333333333335,6.333333333333333,51.5,26.25,6.25,18.033333333333335,25.675,2.0,3.9,5.0,12.9,4
Thomas Kaminski,24.0,Luton Town,be BEL,GK,2023-2024,90.0,0.0,0.0,0.0,0.0,0.0,0.0,3.0,0.0,40.875,0.0,0.0,0.0,0.0,0.0,0.0,0.0,0.0,20.6875,37.8125,54.15625,0.0,19.5625,0.0,0.0,6.125,2.0,4.25,67.86875,2.15625,8.1875,24.1875,33.0875,26.6875,4.375,59.43125,42.625,8.0,2.225,19.0,16.55,16
Thomas Strakosha,21.0,Brentford,al ALB,GK,2023-2024,67.5,0.0,0.0,0.0,0.0,0.0,0.0,0.0,0.0,37.5,0.0,0.0,0.0,0.0,0.0,0.0,0.0,0.0,26.0,35.5,76.85,0.0,17.5,0.0,0.0,4.0,1.0,3.0,75.0,0.75,6.0,15.0,47.15,28.0,2.5,36.1,34.05,2.0,7.35,1.0,8.35,2
Unai Marrero,13.0,Real Sociedad,es ESP,GK,2023-2024,90.0,0.0,0.0,0.0,0.0,0.0,0.0,0.0,0.0,30.0,0.0,0.0,0.0,0.0,0.0,0.0,0.0,0.0,21.0,30.0,70.0,0.0,17.0,0.0,0.0,3.0,2.0,1.0,33.3,1.8,6.0,13.0,46.2,26.0,3.0,34.6,31.8,0.0,0.0,4.0,22.2,1
Unai Marrero,32.0,Real Sociedad,es ESP,GK,2023-2024,52.0,0.0,0.0,0.0,0.0,0.0,0.0,0.0,0.0,16.0,0.0,0.0,0.0,0.0,0.0,0.0,1.0,0.0,7.0,15.0,46.7,0.0,5.0,0.0,0.0,2.0,1.0,1.0,100.0,1.1,4.0,12.0,33.3,11.0,2.0,72.7,49.2,1.0,9.1,0.0,8.0,1
Unai Simón,1.0,Athletic Club,es ESP,GK,2023-2024,88.38888888888889,0.0,0.0,0.0,0.0,0.0,0.0,2.0,0.0,36.138888888888886,0.05555555555555555,0.027777777777777776,0.0,0.0,0.0,0.0,0.2222222222222222,0.05555555555555555,20.22222222222222,34.083333333333336,60.28055555555555,0.0,19.36111111111111,0.0,0.0,3.388888888888889,0.9705882352941176,2.5,72.74848484848485,1.0527777777777778,6.111111111111111,18.86111111111111,34.422222222222224,27.27777777777778,4.114285714285714,47.74444444444444,38.38333333333333,31.0,7.405555555555556,46.0,16.484848484848484,36
Vanja Milinković-Savić,32.0,Torino,rs SRB,GK,2023-2024,90.0,0.0,0.0,0.0,0.0,0.0,0.0,1.0,0.0,42.8,0.0,0.0,0.0,0.0,0.0,0.0,0.2,0.0,24.3,40.3,59.55,0.0,25.6,0.0,0.0,3.9,0.7,3.2,89.31,0.86,7.6,22.5,33.25,33.7,5.2,48.69,39.78,9.0,8.41,13.0,13.34,10
Vicente Guaita,25.0,Celta Vigo,es ESP,GK,2023-2024,89.0,0.0,0.0,0.0,0.0,0.0,0.0,2.0,0.0,32.370370370370374,0.037037037037037035,0.0,0.0,0.0,0.0,0.0,0.25925925925925924,0.037037037037037035,20.555555555555557,29.77777777777778,69.72592592592592,0.0,16.48148148148148,0.0,0.0,4.444444444444445,1.4444444444444444,3.074074074074074,67.968,1.4740740740740739,5.074074074074074,13.185185185185185,42.41481481481482,21.814814814814813,4.962962962962963,39.44814814814814,35.63703703703704,23.0,5.748148148148148,27.0,12.942307692307692,27
Wes Foderingham,18.0,Sheffield Utd,eng ENG,GK,2023-2024,87.57142857142857,0.0,0.0,0.0,0.0,0.0,0.0,1.0,0.0,38.857142857142854,0.23809523809523808,0.0,0.0,0.0,0.0,0.0,0.09523809523809523,0.0,20.142857142857142,35.42857142857143,55.08095238095238,0.0,19.38095238095238,0.0,0.09523809523809523,6.571428571428571,2.4761904761904763,4.333333333333333,63.34285714285714,2.1857142857142855,6.761904761904762,20.523809523809526,31.919047619047618,26.285714285714285,3.3333333333333335,55.480952380952374,40.785714285714285,22.0,6.980952380952381,34.0,15.73,21
Wladimiro Falcone,30.0,Lecce,it ITA,GK,2023-2024,90.0,0.0,0.0,0.0,0.0,0.0,0.0,0.0,0.0,32.6764705882353,0.0,0.029411764705882353,0.029411764705882353,0.0,0.0,0.0058823529411764705,0.029411764705882353,0.029411764705882353,20.764705882352942,29.823529411764707,69.70588235294117,0.029411764705882353,18.205882352941178,0.0,0.0,4.5588235294117645,1.4411764705882353,3.1176470588235294,71.36060606060606,1.4264705882352942,3.8823529411764706,12.176470588235293,29.727272727272727,23.0,4.352941176470588,39.817647058823525,33.96470588235294,16.0,3.173529411764706,18.0,10.270588235294117,34
Yassine Bounou,13.0,Sevilla,ma MAR,GK,2023-2024,90.0,0.0,0.0,0.0,0.0,0.0,0.0,0.0,0.0,31.0,0.0,0.0,0.0,0.0,0.0,0.0,0.0,0.0,20.0,31.0,64.5,0.0,16.0,0.0,0.0,3.0,2.0,1.0,33.3,1.1,6.0,16.0,37.5,24.0,4.0,41.7,36.1,0.0,0.0,0.0,,1
Yehvann Diouf,94.0,Reims,fr FRA,GK,2023-2024,90.0,0.0,0.0,0.0,0.0,0.0,0.0,1.0,0.0,40.45161290322581,0.0,0.03225806451612903,0.0,0.0,0.0,0.0,0.12903225806451613,0.0,30.032258064516128,38.354838709677416,78.29677419354839,0.0967741935483871,31.322580645161292,0.0,0.06451612903225806,4.064516129032258,1.4838709677419355,2.6129032258064515,66.99677419354839,1.2870967741935484,3.7096774193548385,10.64516129032258,37.96451612903226,33.516129032258064,4.967741935483871,26.616129032258065,30.425806451612903,35.0,8.48709677419355,42.0,13.403448275862068,31
Álex Remiro,1.0,Real Sociedad,es ESP,GK,2023-2024,90.0,0.0,0.0,0.0,0.0,0.0,0.0,1.0,0.0,42.875,0.0,0.0,0.0,0.0,0.0,0.0,0.375,0.0,32.125,40.375,79.8,0.0,25.25,0.0,0.0,2.625,0.5,2.125,87.0875,0.825,4.0,10.875,37.5125,36.875,2.625,24.3,29.7,5.0,7.4625,13.0,17.25,8
